,menu_1,menu_2,menu_3,menu_4,menu_5,feature_1,feature_2,feature_3,feature_4,feature_5,short_top1,short_top2,short_top3,short_top4,short_top5
와아,아이스크림241,와인225,치즈65,요거트11,리코타치즈9,만족도255,맛203,분위기127,서비스80,목적20,음악이 좋아요,음식이 맛있어요,친절해요,인테리어가 멋져요,특별한 메뉴가 있어요
침묵을깨다,칵테일22,와인11,푸딩6,위스키4,커피4,만족도123,분위기60,맛41,서비스32,메뉴4,음악이 좋아요,인테리어가 멋져요,친절해요,술이 다양해요,음식이 맛있어요
차일디쉬,소금빵69,커피36,빙수19,케이크17,망고빙수14,맛138,만족도114,서비스27,분위기20,음식량8,디저트가 맛있어요,커피가 맛있어요,특별한 메뉴가 있어요,인테리어가 멋져요,친절해요
자연도소금빵in 성수,소금빵217,커피6,크로와상2,식빵2,잡채1,맛271,만족도139,대기시간48,서비스17,목적11,빵이 맛있어요,친절해요,특별한 메뉴가 있어요,인테리어가 멋져요,매장이 청결해요
한정선,찹쌀떡28,과일22,모찌10,딸기찹쌀떡7,앙버터5,맛56,만족도30,목적20,서비스9,대기시간6,디저트가 맛있어요,특별한 메뉴가 있어요,인테리어가 멋져요,친절해요,매장이 청결해요
치즈인더스트리 성수,치즈48,케이크22,커피19,치즈케이크17,베이글13,맛70,만족도62,분위기15,메뉴7,서비스5,디저트가 맛있어요,인테리어가 멋져요,커피가 맛있어요,특별한 메뉴가 있어요,사진이 잘 나와요
츄로101 성수점,츄러스25,커피9,아이스크림3,쉐이크2,치즈2,맛32,만족도12,분위기7,목적2,위치2,디저트가 맛있어요,인테리어가 멋져요,특별한 메뉴가 있어요,커피가 맛있어요,매장이 청결해요
모리노키세츠,파르페8,커피8,푸딩7,라떼5,토스트5,만족도44,맛30,분위기13,서비스10,목적3,디저트가 맛있어요,인테리어가 멋져요,특별한 메뉴가 있어요,친절해요,사진이 잘 나와요
하이라인,라떼189,커피134,옥수수123,소금빵54,비스코티23,맛336,만족도269,분위기107,서비스87,메뉴31,커피가 맛있어요,디저트가 맛있어요,인테리어가 멋져요,특별한 메뉴가 있어요,음료가 맛있어요
오우드 성수1호점,커피134,소금빵57,케이크26,요거트24,라떼21,맛345,만족도288,분위기84,서비스49,메뉴29,디저트가 맛있어요,커피가 맛있어요,인테리어가 멋져요,매장이 청결해요,음료가 맛있어요
베통 성수,커피326,소금빵168,라떼45,마들렌41,케이크38,맛861,만족도618,서비스285,분위기151,메뉴69,디저트가 맛있어요,커피가 맛있어요,친절해요,인테리어가 멋져요,음료가 맛있어요
파머스카페,우유236,초콜릿212,커피190,초코라떼60,케이크51,맛748,만족도622,분위기328,서비스122,메뉴33,음료가 맛있어요,인테리어가 멋져요,커피가 맛있어요,대화하기 좋아요,친절해요
브레디포스트 성수,프레즐647,커피211,샌드위치98,치즈89,크림치즈67,"맛1,057",만족도797,분위기267,메뉴146,서비스143,디저트가 맛있어요,특별한 메뉴가 있어요,인테리어가 멋져요,커피가 맛있어요,친절해요
웜브라운,커피33,도넛18,라떼17,크림라떼7,아메리카노7,맛70,만족도43,서비스16,분위기14,목적2,디저트가 맛있어요,커피가 맛있어요,인테리어가 멋져요,특별한 메뉴가 있어요,친절해요
니커버커베이글 성수점,베이글34,샌드위치15,치즈8,크림치즈7,커피5,맛35,만족도25,서비스9,분위기7,메뉴5,빵이 맛있어요,인테리어가 멋져요,커피가 맛있어요,특별한 메뉴가 있어요,음료가 맛있어요
본지르르 성수,커피6,핫초코1,맥주1,라떼1,바닐라빈라떼1,만족도9,맛5,가격1,분위기1,서비스1,커피가 맛있어요,인테리어가 멋져요,친절해요,집중하기 좋아요,좌석이 편해요
마를리,케이크301,커피204,스콘110,밀크티58,라떼49,맛757,만족도538,분위기217,메뉴85,서비스56,디저트가 맛있어요,커피가 맛있어요,인테리어가 멋져요,음료가 맛있어요,대화하기 좋아요
아쿠아산타 성수카페,아인슈페너362,커피237,크로플133,케이크120,라떼120,맛786,만족도549,분위기402,서비스109,메뉴28,커피가 맛있어요,인테리어가 멋져요,디저트가 맛있어요,친절해요,음료가 맛있어요
서울앵무새,커피314,시나몬롤244,케이크54,아메리카노53,라떼51,"맛1,487","만족도1,040",서비스251,분위기231,메뉴120,디저트가 맛있어요,특별한 메뉴가 있어요,인테리어가 멋져요,커피가 맛있어요,친절해요
크림라벨 서울숲 본점,케이크396,딸기케이크95,생크림케이크33,과일28,커피26,맛626,만족도328,서비스100,목적76,예약37,디저트가 맛있어요,친절해요,선물하기 좋아요,특별한 메뉴가 있어요,매장이 청결해요
쎈느Scene,커피136,케이크29,라떼29,스콘21,쿠키13,만족도293,맛273,분위기87,서비스36,메뉴19,커피가 맛있어요,디저트가 맛있어요,인테리어가 멋져요,음료가 맛있어요,친절해요
카페 할아버지공장,커피286,피자71,라떼34,에이드32,밀크티28,만족도870,맛534,분위기392,가격114,서비스73,인테리어가 멋져요,커피가 맛있어요,대화하기 좋아요,사진이 잘 나와요,음료가 맛있어요
스트로베리32 성수점,케이크599,딸기케이크141,우유53,과일48,생크림케이크16,"맛1,289",만족도834,서비스283,목적159,예약87,빵이 맛있어요,친절해요,특별한 메뉴가 있어요,매장이 청결해요,가성비가 좋아요
퍼먼트,커피102,바게트53,치즈49,크림치즈45,치즈바게트27,맛383,만족도237,분위기41,서비스36,메뉴18,빵이 맛있어요,커피가 맛있어요,친절해요,인테리어가 멋져요,음료가 맛있어요
성수 베이킹 스튜디오,바게트237,잠봉뵈르107,치아바타88,치즈71,소금빵48,맛758,만족도336,가격44,서비스29,대기시간16,빵이 맛있어요,특별한 메뉴가 있어요,친절해요,가성비가 좋아요,매장이 청결해요
어니언 성수,커피260,소금빵105,팡도르98,앙버터55,라떼54,맛846,만족도632,분위기151,서비스128,메뉴52,디저트가 맛있어요,커피가 맛있어요,인테리어가 멋져요,친절해요,특별한 메뉴가 있어요
밀도 성수점,식빵584,스콘75,커스터드51,치즈47,크림치즈26,"맛1,243",만족도588,대기시간105,서비스79,가격76,빵이 맛있어요,특별한 메뉴가 있어요,친절해요,매장이 청결해요,음료가 맛있어요
LOOOP 루프 베이커리 카페,커피105,케이크46,라떼33,치즈11,에이드9,맛276,만족도270,분위기67,서비스45,메뉴28,디저트가 맛있어요,커피가 맛있어요,인테리어가 멋져요,매장이 넓어요,매장이 청결해요
피넛버터바나나,커피217,토스트167,스무디100,푸딩83,라떼76,맛818,만족도560,분위기256,서비스110,메뉴50,디저트가 맛있어요,인테리어가 멋져요,특별한 메뉴가 있어요,커피가 맛있어요,음료가 맛있어요
비아트 성수,크로플76,커피57,라떼17,바질17,에이드12,맛146,만족도127,분위기54,서비스18,메뉴13,디저트가 맛있어요,커피가 맛있어요,음료가 맛있어요,인테리어가 멋져요,대화하기 좋아요
체다앤올리,샌드위치104,커피65,파니니61,샐러드55,라떼29,맛405,만족도265,서비스42,분위기38,가격29,디저트가 맛있어요,커피가 맛있어요,음료가 맛있어요,친절해요,특별한 메뉴가 있어요
실버리,커피48,휘낭시에30,라떼17,티라미수12,티라미수라떼10,맛90,만족도73,분위기39,서비스29,메뉴8,인테리어가 멋져요,커피가 맛있어요,디저트가 맛있어요,매장이 청결해요,친절해요
묘사서울,라떼93,흑임자60,쑥라떼54,빙수48,커피33,맛218,만족도176,분위기64,서비스39,메뉴10,디저트가 맛있어요,특별한 메뉴가 있어요,음료가 맛있어요,커피가 맛있어요,인테리어가 멋져요
라프레플루트,빙수142,망고빙수79,케이크71,과일65,우유33,맛271,만족도175,서비스52,가격37,대기시간20,디저트가 맛있어요,특별한 메뉴가 있어요,친절해요,음료가 맛있어요,인테리어가 멋져요
누데이크 성수,케이크192,커피59,녹차33,라떼30,녹차라떼18,맛357,만족도334,분위기75,서비스46,가격32,디저트가 맛있어요,인테리어가 멋져요,특별한 메뉴가 있어요,커피가 맛있어요,사진이 잘 나와요
LOWIDE 서울숲,소금빵377,커피293,라떼72,우유59,케이크37,맛859,만족도502,분위기92,서비스83,메뉴37,디저트가 맛있어요,커피가 맛있어요,인테리어가 멋져요,음료가 맛있어요,특별한 메뉴가 있어요
맥파이앤타이거 성수티룸,치즈12,커피12,케이크11,라떼11,치즈케이크10,만족도135,맛104,분위기67,서비스31,전망22,차가 맛있어요,인테리어가 멋져요,뷰가 좋아요,친절해요,음료가 맛있어요
브라우터,프레즐14,커피12,치즈10,크림치즈8,얼그레이3,맛49,만족도42,분위기5,메뉴4,서비스3,디저트가 맛있어요,커피가 맛있어요,인테리어가 멋져요,특별한 메뉴가 있어요,사진이 잘 나와요
코끼리베이글 성수,베이글978,치즈172,커피142,샌드위치119,크림치즈114,"맛1,073",만족도588,서비스133,분위기61,대기시간54,빵이 맛있어요,특별한 메뉴가 있어요,인테리어가 멋져요,매장이 청결해요,커피가 맛있어요
러프러프,케이크187,치즈135,커피127,치즈케이크106,에이드67,맛392,만족도343,분위기190,서비스115,메뉴20,디저트가 맛있어요,인테리어가 멋져요,커피가 맛있어요,친절해요,사진이 잘 나와요
레인리포트 크루아상,커피138,크로와상35,드립커피21,라떼11,아메리카노5,만족도224,맛214,분위기80,서비스52,메뉴31,디저트가 맛있어요,커피가 맛있어요,인테리어가 멋져요,음료가 맛있어요,특별한 메뉴가 있어요
뵈르뵈르,아이스크림37,치즈1,젤라또1,쿠키1,크로플1,맛42,만족도16,분위기4,가격3,서비스2,디저트가 맛있어요,특별한 메뉴가 있어요,인테리어가 멋져요,사진이 잘 나와요,친절해요
구욱희씨 서울숲 본점,쿠키395,커피157,스콘116,케이크57,라떼34,맛636,만족도510,분위기140,서비스91,메뉴82,디저트가 맛있어요,인테리어가 멋져요,특별한 메뉴가 있어요,친절해요,커피가 맛있어요
블루보틀 성수 카페,"커피1,292",라떼672,아이스크림176,아메리카노85,우유49,"맛2,209","만족도1,826",서비스590,분위기241,가격102,커피가 맛있어요,친절해요,인테리어가 멋져요,음료가 맛있어요,매장이 청결해요
커피냅로스터스 성수,커피9,라떼3,아몬드크로와상1,크로와상1,밀크티1,맛11,만족도6,분위기2,서비스1,메뉴1,커피가 맛있어요,디저트가 맛있어요,인테리어가 멋져요,대화하기 좋아요,친절해요
봉땅 서울숲점,꽈배기130,도넛59,커피48,치즈8,아메리카노8,맛202,만족도180,분위기66,목적27,서비스20,빵이 맛있어요,특별한 메뉴가 있어요,인테리어가 멋져요,커피가 맛있어요,사진이 잘 나와요
5to7,수플레255,커피153,케이크37,과일29,아인슈페너19,맛409,만족도286,분위기113,서비스43,가격38,디저트가 맛있어요,커피가 맛있어요,인테리어가 멋져요,음료가 맛있어요,특별한 메뉴가 있어요
플디 성수점,케이크175,딸기케이크58,커피35,에이드26,아이스크림12,맛336,만족도237,서비스68,분위기56,목적23,디저트가 맛있어요,친절해요,특별한 메뉴가 있어요,음료가 맛있어요,커피가 맛있어요
꼬모윤 서울숲점,까눌레57,커피25,휘낭시에17,마들렌11,구움과자5,맛72,만족도54,목적16,분위기11,메뉴7,디저트가 맛있어요,커피가 맛있어요,인테리어가 멋져요,친절해요,매장이 청결해요
텅 성수 스페이스,커피129,케이크99,쿠키28,아메리카노13,에이드12,만족도431,맛314,분위기182,서비스52,가격52,인테리어가 멋져요,디저트가 맛있어요,커피가 맛있어요,사진이 잘 나와요,특별한 메뉴가 있어요
뉴앳던 성수,커피181,케이크96,타르트40,레몬케이크33,당근케이크20,만족도415,맛396,분위기264,서비스153,메뉴11,인테리어가 멋져요,커피가 맛있어요,친절해요,디저트가 맛있어요,사진이 잘 나와요
에이투비 Cafe&Bar,커피114,라떼29,티라미수20,칵테일14,아이스크림13,맛246,만족도212,분위기82,서비스54,메뉴19,커피가 맛있어요,디저트가 맛있어요,인테리어가 멋져요,특별한 메뉴가 있어요,친절해요
발렁스,커피31,몽블랑30,타르트30,마들렌24,휘낭시에14,맛193,만족도122,서비스33,가격7,분위기6,디저트가 맛있어요,특별한 메뉴가 있어요,친절해요,매장이 청결해요,커피가 맛있어요
치카성수,마카롱95,케이크73,커피17,라떼12,쿠키11,맛178,만족도127,목적31,서비스23,분위기14,디저트가 맛있어요,특별한 메뉴가 있어요,친절해요,매장이 청결해요,커피가 맛있어요
디플랫 성수,커피50,라떼11,아이스크림6,아메리카노4,케이크4,맛93,만족도83,분위기39,서비스8,목적5,커피가 맛있어요,인테리어가 멋져요,디저트가 맛있어요,대화하기 좋아요,음료가 맛있어요
목로정원,커피49,라떼10,밤라떼7,에이드4,케이크4,만족도68,맛55,분위기29,서비스9,메뉴3,커피가 맛있어요,인테리어가 멋져요,친절해요,음료가 맛있어요,디저트가 맛있어요
테디스오븐,커피87,타르트59,쿠키35,라떼32,에그타르트28,만족도330,맛323,분위기94,서비스63,메뉴28,디저트가 맛있어요,인테리어가 멋져요,커피가 맛있어요,특별한 메뉴가 있어요,사진이 잘 나와요
프롤라,커피106,에스프레소94,샌드위치28,파니니15,티라미수15,맛225,만족도159,서비스47,분위기39,메뉴20,커피가 맛있어요,특별한 메뉴가 있어요,인테리어가 멋져요,친절해요,디저트가 맛있어요
페로몬,커피16,케이크14,치즈케이크7,치즈7,스콘5,맛30,만족도24,서비스11,분위기6,메뉴3,디저트가 맛있어요,커피가 맛있어요,친절해요,인테리어가 멋져요,음료가 맛있어요
마일스톤 커피 성수점,커피73,라떼33,비엔나커피13,아몬드라떼11,애플크럼블8,맛94,만족도59,서비스32,분위기14,대기시간7,커피가 맛있어요,친절해요,디저트가 맛있어요,인테리어가 멋져요,음료가 맛있어요
얼스케이크베이크샵,치아바타60,치즈25,커피23,크림치즈18,잠봉뵈르11,맛86,만족도74,서비스21,분위기17,가격3,빵이 맛있어요,인테리어가 멋져요,특별한 메뉴가 있어요,친절해요,커피가 맛있어요
투데이즈 위켄드,아이스크림44,커피11,도넛9,초콜릿7,케이크7,맛45,만족도34,서비스11,분위기6,메뉴3,디저트가 맛있어요,친절해요,특별한 메뉴가 있어요,인테리어가 멋져요,커피가 맛있어요
테니,커피85,샌드위치21,라떼15,아메리카노11,치아바타11,맛366,만족도250,분위기95,서비스48,메뉴29,빵이 맛있어요,인테리어가 멋져요,커피가 맛있어요,친절해요,특별한 메뉴가 있어요
씨장,바게트111,커피30,파스타26,치즈16,샌드위치15,맛184,만족도117,분위기33,메뉴15,서비스15,빵이 맛있어요,인테리어가 멋져요,특별한 메뉴가 있어요,커피가 맛있어요,친절해요
오우드 성수2호점,커피63,소금빵53,아메리카노11,라떼10,밀크티8,맛143,만족도130,분위기30,메뉴18,서비스16,디저트가 맛있어요,커피가 맛있어요,인테리어가 멋져요,음료가 맛있어요,친절해요
옹근달,커피402,까눌레135,케이크106,밀크티81,크로와상77,"맛1,206","만족도1,023",분위기232,메뉴177,서비스140,디저트가 맛있어요,커피가 맛있어요,인테리어가 멋져요,음료가 맛있어요,특별한 메뉴가 있어요
타임애프터타임,케이크46,커피31,라떼8,에이드4,크로플4,만족도109,맛71,분위기45,서비스16,가격7,인테리어가 멋져요,디저트가 맛있어요,커피가 맛있어요,사진이 잘 나와요,매장이 넓어요
하프커피 성수,커피223,라떼214,크림라떼183,도넛121,흑임자18,맛464,만족도203,서비스58,분위기25,메뉴13,커피가 맛있어요,디저트가 맛있어요,음료가 맛있어요,친절해요,특별한 메뉴가 있어요
센터커피 서울숲점,커피391,라떼116,쑥라떼51,아이스크림29,드립커피28,맛441,만족도407,분위기82,서비스61,전망39,커피가 맛있어요,뷰가 좋아요,친절해요,인테리어가 멋져요,음료가 맛있어요
카멜커피 성수점,커피278,앙버터49,라떼22,미숫가루7,아메리카노7,맛300,만족도188,분위기77,서비스31,음식량24,커피가 맛있어요,인테리어가 멋져요,음료가 맛있어요,친절해요,특별한 메뉴가 있어요
어라운드데이,크로플103,커피64,치즈48,케이크30,브라운치즈크로플27,맛224,만족도193,서비스52,분위기49,메뉴14,디저트가 맛있어요,커피가 맛있어요,음료가 맛있어요,친절해요,인테리어가 멋져요
스타벅스 성수점,커피37,라떼14,케이크9,샌드위치5,블랙티4,만족도275,맛135,서비스52,위치25,분위기24,커피가 맛있어요,음료가 맛있어요,친절해요,매장이 청결해요,디저트가 맛있어요
오우도,커피81,라떼32,크로플27,시나몬라떼19,아메리카노8,만족도143,맛104,분위기45,서비스28,가격17,커피가 맛있어요,인테리어가 멋져요,매장이 청결해요,대화하기 좋아요,디저트가 맛있어요
에르제 성수,잠봉뵈르410,바게트84,크로와상64,크로플61,스콘50,맛977,만족도475,서비스112,예약106,가격37,빵이 맛있어요,친절해요,특별한 메뉴가 있어요,매장이 청결해요,인테리어가 멋져요
까치화방 성수낙낙점,,,,,,서비스69,편의・부대시설21,즐길거리13,가격11,주차5,디저트가 맛있어요,인테리어가 멋져요,커피가 맛있어요,친절해요,컨셉이 독특해요
오로라베이커리카페 성수점,소금빵283,커피129,라떼46,명란21,옥수수20,맛727,만족도553,분위기98,메뉴97,서비스62,빵이 맛있어요,커피가 맛있어요,매장이 청결해요,친절해요,특별한 메뉴가 있어요
업사이드커피,커피196,라떼16,쿠키11,아메리카노6,파운드케이크6,맛215,만족도120,서비스35,분위기20,가격12,커피가 맛있어요,친절해요,음료가 맛있어요,특별한 메뉴가 있어요,인테리어가 멋져요
브루잉 세레모니,커피136,드립커피19,핸드드립14,브루잉커피8,아포가토4,맛122,만족도84,서비스59,분위기21,목적6,커피가 맛있어요,친절해요,인테리어가 멋져요,매장이 청결해요,대화하기 좋아요
바이닐 성수,,,,,,서비스9,즐길거리3,가격3,혼잡도2,위치2,인테리어가 멋져요,컨셉이 독특해요,좌석이 편해요,친절해요,사진이 잘 나와요
뺑드에코,바게트106,치즈30,치즈바게트21,치아바타18,스콘9,맛301,만족도177,서비스55,가격14,메뉴6,빵이 맛있어요,친절해요,특별한 메뉴가 있어요,매장이 청결해요,가성비가 좋아요
퍼프아웃,커피113,케이크24,라떼19,치즈13,치즈케이크9,맛157,만족도132,분위기78,서비스37,메뉴16,커피가 맛있어요,인테리어가 멋져요,디저트가 맛있어요,친절해요,음료가 맛있어요
소프트바,아이스크림65,요거트26,그릭요거트14,우유13,바질10,맛128,만족도53,가격10,분위기8,음식량7,디저트가 맛있어요,특별한 메뉴가 있어요,친절해요,재료가 신선해요,가성비가 좋아요
더반 베를린 성수점,커피146,라떼26,플랫화이트10,롱블랙8,필터커피8,맛154,만족도141,서비스53,분위기45,메뉴8,커피가 맛있어요,친절해요,인테리어가 멋져요,디저트가 맛있어요,매장이 청결해요
바이러닉 에스프레소바,커피56,푸딩51,위스키23,에스프레소22,라떼14,맛92,만족도71,분위기24,서비스18,메뉴7,커피가 맛있어요,인테리어가 멋져요,디저트가 맛있어요,사진이 잘 나와요,특별한 메뉴가 있어요
무브모브 성수,크로플162,커피118,라떼38,티라미수22,빙수12,만족도414,맛367,분위기173,서비스128,목적23,인테리어가 멋져요,사진이 잘 나와요,커피가 맛있어요,친절해요,디저트가 맛있어요
레이더,커피102,케이크75,라떼20,아메리카노11,에이드10,맛224,만족도214,분위기93,서비스40,메뉴23,커피가 맛있어요,디저트가 맛있어요,인테리어가 멋져요,음료가 맛있어요,대화하기 좋아요
포지티브 서울숲,칵테일43,얼그레이21,케이크21,치즈18,치즈케이크16,만족도140,맛113,서비스50,분위기43,메뉴17,음료가 맛있어요,특별한 메뉴가 있어요,친절해요,디저트가 맛있어요,대화하기 좋아요
성수동대림창고갤러리,커피296,우유39,케이크36,딸기우유35,라떼34,만족도427,맛337,분위기159,가격57,서비스47,커피가 맛있어요,인테리어가 멋져요,디저트가 맛있어요,매장이 넓어요,사진이 잘 나와요
단일서울,커피208,라떼23,초콜릿20,티라미수10,아메리카노9,맛204,만족도152,분위기33,서비스30,목적9,커피가 맛있어요,친절해요,인테리어가 멋져요,매장이 청결해요,대화하기 좋아요
베티버 성수,흑임자179,크로플123,아이스크림115,라떼113,커피75,맛314,만족도155,서비스75,분위기23,대기시간9,커피가 맛있어요,디저트가 맛있어요,음료가 맛있어요,친절해요,특별한 메뉴가 있어요
삼옥,커피59,아이스크림19,와인16,에이드11,크로플9,만족도150,맛137,분위기115,서비스48,메뉴7,인테리어가 멋져요,커피가 맛있어요,디저트가 맛있어요,친절해요,음료가 맛있어요
감도 성수점,아이스크림99,커피74,라떼46,바질36,아메리카노23,맛293,만족도233,분위기94,서비스46,메뉴21,특별한 메뉴가 있어요,디저트가 맛있어요,커피가 맛있어요,매장이 청결해요,인테리어가 멋져요
플럼프,커피15,도넛9,쿠키6,맘모스빵5,밀크티2,맛67,만족도35,분위기16,서비스10,메뉴3,디저트가 맛있어요,인테리어가 멋져요,매장이 청결해요,친절해요,커피가 맛있어요
천상가옥,커피243,아인슈페너50,케이크47,라떼47,아메리카노25,맛553,만족도550,분위기211,서비스90,메뉴33,커피가 맛있어요,인테리어가 멋져요,디저트가 맛있어요,음료가 맛있어요,친절해요
코에오 COEO,커피26,도넛5,쿠키3,아이스크림2,라떼2,만족도31,맛26,서비스10,분위기2,메뉴2,커피가 맛있어요,친절해요,디저트가 맛있어요,인테리어가 멋져요,대화하기 좋아요
유스트레스,크림브륄레69,푸딩47,커피31,라떼22,아인슈페너9,맛164,만족도98,서비스64,분위기19,메뉴12,디저트가 맛있어요,친절해요,커피가 맛있어요,음료가 맛있어요,특별한 메뉴가 있어요
포어플랜,커피49,바질16,파스타15,케이크14,샌드위치9,만족도159,맛113,분위기75,서비스20,메뉴18,인테리어가 멋져요,집중하기 좋아요,커피가 맛있어요,음료가 맛있어요,사진이 잘 나와요
슈퍼말차 성수,라떼92,말차라떼74,녹차63,케이크21,커피11,맛383,만족도259,분위기45,서비스44,음식량13,음료가 맛있어요,특별한 메뉴가 있어요,커피가 맛있어요,친절해요,매장이 청결해요
그린랩,커피3,다식3,꽃차1,국화차1,잡채1,만족도351,분위기45,서비스33,맛31,목적27,뷰가 좋아요,집중하기 좋아요,매장이 청결해요,친절해요,인테리어가 멋져요
오푸,커피7,라떼5,케이크5,아이스크림4,아이스크림케이크2,만족도20,맛16,분위기8,서비스8,음식량2,특별한 메뉴가 있어요,인테리어가 멋져요,친절해요,커피가 맛있어요,디저트가 맛있어요
로우커피스탠드,커피157,라떼88,아메리카노15,바닐라라떼11,카페라떼6,맛245,만족도153,가격57,서비스30,메뉴16,커피가 맛있어요,가성비가 좋아요,친절해요,음료가 맛있어요,인테리어가 멋져요
Y704,케이크8,커피6,치즈4,아인슈페너3,치즈케이크3,만족도16,맛12,분위기11,서비스7,음식량1,인테리어가 멋져요,커피가 맛있어요,디저트가 맛있어요,사진이 잘 나와요,친절해요
카페&펍 연무장,커피62,라떼20,쿠키9,아메리카노7,케이크5,만족도174,맛127,분위기56,서비스24,전망21,커피가 맛있어요,인테리어가 멋져요,뷰가 좋아요,디저트가 맛있어요,사진이 잘 나와요
쿠키샾,쿠키194,푸딩35,약과13,크림치즈11,치즈11,맛190,만족도94,서비스20,목적18,메뉴12,빵이 맛있어요,특별한 메뉴가 있어요,친절해요,인테리어가 멋져요,매장이 청결해요
클레멘타인,,,,,,편의・부대시설7,서비스6,즐길거리5,가격3,혼잡도3,인테리어가 멋져요,사진이 잘 나와요,커피가 맛있어요,디저트가 맛있어요,매장이 청결해요
사이드템포,커피109,브리오슈45,라떼23,케이크12,플랫화이트8,맛176,만족도167,분위기66,서비스63,메뉴20,인테리어가 멋져요,커피가 맛있어요,친절해요,디저트가 맛있어요,매장이 청결해요
파티세리후르츠,과일25,커피18,초콜릿17,케이크15,마카롱9,만족도116,맛97,서비스24,목적16,분위기14,디저트가 맛있어요,특별한 메뉴가 있어요,커피가 맛있어요,친절해요,음료가 맛있어요
KANTO 성수,커피36,라떼9,에이드7,헤이즐넛3,아메리카노2,맛83,만족도72,서비스28,분위기16,메뉴7,커피가 맛있어요,인테리어가 멋져요,특별한 메뉴가 있어요,음료가 맛있어요,사진이 잘 나와요
본노엘 성수점,소금빵124,식빵86,앙버터68,밤식빵35,바게트30,맛457,만족도215,서비스42,가격18,위치10,빵이 맛있어요,친절해요,특별한 메뉴가 있어요,매장이 청결해요,가성비가 좋아요
키베이커리,타르트117,치즈75,치즈타르트52,메론빵26,치즈케이크24,맛240,만족도131,서비스63,목적59,배달3,빵이 맛있어요,친절해요,특별한 메뉴가 있어요,매장이 청결해요,가성비가 좋아요
비도커피,케이크72,커피40,라떼32,치즈21,크림라떼21,맛117,만족도85,분위기45,서비스23,메뉴4,디저트가 맛있어요,커피가 맛있어요,인테리어가 멋져요,음료가 맛있어요,친절해요
노아베이커리 성수,커피91,케이크44,베이글22,치즈13,라떼11,맛314,만족도215,분위기73,서비스42,메뉴26,빵이 맛있어요,커피가 맛있어요,인테리어가 멋져요,매장이 청결해요,친절해요
올댓커피 포레스트점,커피146,에스프레소86,바게트24,크로플8,라떼6,맛220,만족도179,서비스91,분위기53,메뉴9,커피가 맛있어요,친절해요,인테리어가 멋져요,특별한 메뉴가 있어요,음료가 맛있어요
카멜커피 7호점,커피246,크로와상21,라떼13,미숫가루8,밀크티8,맛246,만족도172,분위기77,서비스35,메뉴16,커피가 맛있어요,인테리어가 멋져요,디저트가 맛있어요,친절해요,사진이 잘 나와요
뵈르에코,커피20,토스트20,프렌치토스트17,케이크15,팬케이크13,맛43,만족도35,분위기8,서비스7,메뉴5,디저트가 맛있어요,커피가 맛있어요,인테리어가 멋져요,친절해요,사진이 잘 나와요
도렐 성수점,커피165,까눌레34,라떼26,아메리카노21,밀크티9,맛368,만족도237,서비스44,분위기34,메뉴29,커피가 맛있어요,디저트가 맛있어요,음료가 맛있어요,특별한 메뉴가 있어요,인테리어가 멋져요
위스위츠 서울숲,푸딩61,커피17,아이스크림17,라떼12,에이드8,맛91,만족도58,분위기20,서비스13,청결도3,디저트가 맛있어요,음료가 맛있어요,커피가 맛있어요,인테리어가 멋져요,친절해요
젠젠 성수점,수플레345,케이크178,팬케이크140,커피106,수플레팬케이크79,맛589,만족도340,분위기152,서비스98,음식량18,디저트가 맛있어요,커피가 맛있어요,인테리어가 멋져요,친절해요,대화하기 좋아요
맛차차,다식30,녹차18,커피9,라떼7,홍차5,만족도595,맛172,서비스148,분위기147,목적35,음료가 맛있어요,특별한 메뉴가 있어요,친절해요,뷰가 좋아요,인테리어가 멋져요
봇봇봇,커피66,라떼8,드립커피8,스무디6,아이스크림6,만족도154,맛83,분위기56,서비스12,메뉴5,커피가 맛있어요,인테리어가 멋져요,음료가 맛있어요,친절해요,디저트가 맛있어요
카페온화 성수점,수플레140,커피56,케이크28,아메리카노16,팬케이크13,맛211,만족도138,분위기30,서비스23,가격22,디저트가 맛있어요,커피가 맛있어요,음료가 맛있어요,매장이 청결해요,대화하기 좋아요
버니타운,케이크120,커피19,에이드9,치즈8,치즈케이크8,맛160,만족도137,분위기48,서비스23,메뉴7,디저트가 맛있어요,인테리어가 멋져요,커피가 맛있어요,음료가 맛있어요,친절해요
구테로이테 성수센트럴키친,커피56,에스프레소15,아메리카노7,흑임자4,베이글4,맛99,만족도71,서비스20,분위기17,메뉴17,커피가 맛있어요,디저트가 맛있어요,인테리어가 멋져요,음료가 맛있어요,특별한 메뉴가 있어요
웨스턴챕터,치즈455,케이크406,치즈케이크387,베이글203,커피106,맛654,만족도513,서비스246,분위기227,메뉴26,디저트가 맛있어요,인테리어가 멋져요,친절해요,특별한 메뉴가 있어요,커피가 맛있어요
이월로스터스 성수점,커피120,라떼32,아메리카노10,크림라떼8,쿠키7,맛172,만족도114,분위기42,서비스21,가격10,커피가 맛있어요,매장이 청결해요,음료가 맛있어요,대화하기 좋아요,친절해요
마크69,커피39,라떼22,크로플17,케이크10,크림라떼10,만족도149,맛94,분위기71,메뉴9,서비스9,인테리어가 멋져요,커피가 맛있어요,대화하기 좋아요,음료가 맛있어요,디저트가 맛있어요
예빈당,빙수84,팥빙수78,커피77,약과63,인절미42,맛552,만족도325,서비스70,분위기70,목적36,디저트가 맛있어요,특별한 메뉴가 있어요,친절해요,음료가 맛있어요,매장이 청결해요
FINZ,파르페18,케이크15,구움과자8,아이스크림5,젤리4,맛60,만족도49,서비스11,목적9,분위기9,디저트가 맛있어요,특별한 메뉴가 있어요,친절해요,인테리어가 멋져요,음료가 맛있어요
어피스앤드피스,케이크39,스콘18,커피15,라떼6,딸기케이크6,맛70,만족도56,분위기18,서비스12,목적5,디저트가 맛있어요,커피가 맛있어요,음료가 맛있어요,특별한 메뉴가 있어요,친절해요
에빠,커피64,에스프레소55,휘낭시에15,아포가토9,콘파냐5,맛78,만족도71,서비스35,분위기29,주차3,커피가 맛있어요,인테리어가 멋져요,친절해요,사진이 잘 나와요,디저트가 맛있어요
글로우,커피139,까눌레70,케이크44,스콘33,라떼31,맛398,만족도239,서비스62,분위기62,메뉴23,디저트가 맛있어요,커피가 맛있어요,음료가 맛있어요,친절해요,인테리어가 멋져요
컴포트라피,샐러드12,와인9,감바스8,치즈8,튀김5,맛44,만족도43,서비스25,분위기14,목적7,친절해요,특별한 메뉴가 있어요,인테리어가 멋져요,대화하기 좋아요,매장이 청결해요
보마켓 서울숲점,떡볶이51,볶음밥36,로제떡볶이35,김치볶음밥34,커피31,만족도366,맛302,분위기49,서비스37,목적18,특별한 메뉴가 있어요,인테리어가 멋져요,매장이 청결해요,친절해요,커피가 맛있어요
성수지앵협동조합,커피23,라떼7,아메리카노6,달고나라떼3,초콜릿3,만족도83,맛54,서비스24,분위기12,목적4,커피가 맛있어요,친절해요,가성비가 좋아요,음료가 맛있어요,대화하기 좋아요
BNHR,커피82,라떼52,크로플23,밀크티11,아이스크림8,맛164,만족도97,분위기23,메뉴21,서비스18,커피가 맛있어요,음료가 맛있어요,인테리어가 멋져요,친절해요,매장이 청결해요
포레스트,쌀국수348,왕갈비104,스프링롤68,고기61,짜조58,맛862,만족도368,음식량340,서비스87,대기시간49,음식이 맛있어요,양이 많아요,친절해요,재료가 신선해요,특별한 메뉴가 있어요
에펜즈,케이크36,브레드11,머핀10,쿠키10,당근케이크9,맛114,만족도77,가격13,분위기10,메뉴9,빵이 맛있어요,특별한 메뉴가 있어요,친절해요,매장이 청결해요,인테리어가 멋져요
로우키,커피218,라떼44,아메리카노13,롤케이크9,드립커피8,맛244,만족도173,서비스58,분위기41,가격9,커피가 맛있어요,친절해요,인테리어가 멋져요,음료가 맛있어요,대화하기 좋아요
이트앤드링크,커피59,케이크30,라떼13,에이드11,쿠키10,맛130,만족도115,분위기37,서비스16,메뉴12,디저트가 맛있어요,커피가 맛있어요,인테리어가 멋져요,친절해요,음료가 맛있어요
기미사 성수,커피71,라떼9,에이드5,크림라떼4,드립커피2,맛87,만족도74,서비스22,분위기20,가격4,커피가 맛있어요,인테리어가 멋져요,친절해요,음료가 맛있어요,매장이 청결해요
올드타운,커피745,타르트210,에그타르트197,휘낭시에148,라떼98,맛975,만족도757,분위기397,서비스96,메뉴81,커피가 맛있어요,인테리어가 멋져요,디저트가 맛있어요,친절해요,뷰가 좋아요
카페 차 성수점,밀크티149,달고나밀크티86,스콘53,커피45,달고나커피24,맛293,메뉴150,만족도121,서비스44,분위기33,음료가 맛있어요,커피가 맛있어요,특별한 메뉴가 있어요,인테리어가 멋져요,디저트가 맛있어요
에이치커피로스터스,커피41,라떼3,플랫화이트3,필터커피2,롱블랙2,맛45,만족도19,서비스16,분위기7,주차1,커피가 맛있어요,친절해요,매장이 청결해요,음료가 맛있어요,인테리어가 멋져요
코트사이드,커피19,푸딩9,에이드7,라떼5,케이크4,맛45,만족도29,서비스10,분위기6,전망4,디저트가 맛있어요,커피가 맛있어요,음료가 맛있어요,인테리어가 멋져요,친절해요
훔볼트,커피124,케이크49,라떼27,치즈11,아이스크림9,맛388,만족도285,분위기85,서비스30,청결도13,디저트가 맛있어요,커피가 맛있어요,인테리어가 멋져요,음료가 맛있어요,매장이 청결해요
미디엄스톤 성수점,커피117,크로플64,얼그레이30,라떼29,푸딩23,맛268,만족도210,분위기87,서비스52,메뉴14,커피가 맛있어요,디저트가 맛있어요,음료가 맛있어요,인테리어가 멋져요,대화하기 좋아요
아후 Ahoo,케이크33,커피15,구움과자6,휘낭시에6,마들렌5,만족도62,맛58,서비스29,목적20,위치4,디저트가 맛있어요,특별한 메뉴가 있어요,친절해요,선물하기 좋아요,매장이 청결해요
컴오프,커피128,라떼46,아메리카노17,흑임자9,스콘9,만족도201,맛197,분위기81,서비스44,메뉴8,커피가 맛있어요,인테리어가 멋져요,디저트가 맛있어요,대화하기 좋아요,음료가 맛있어요
맥코이 성수,커피47,티라미수6,롱블랙5,아메리카노5,플랫화이트5,맛54,만족도35,분위기12,서비스4,가격2,커피가 맛있어요,인테리어가 멋져요,음료가 맛있어요,친절해요,대화하기 좋아요
구펠,커피129,샌드위치72,샐러드20,라떼20,파스타18,맛253,만족도152,서비스48,분위기35,메뉴8,커피가 맛있어요,디저트가 맛있어요,친절해요,음료가 맛있어요,특별한 메뉴가 있어요
메쉬커피,커피68,라떼28,아메리카노4,우유2,드립커피2,맛66,만족도43,서비스12,목적3,가격3,커피가 맛있어요,친절해요,음료가 맛있어요,특별한 메뉴가 있어요,인테리어가 멋져요
아가젤라또 성수,젤라또99,아이스크림19,우유15,바질12,치즈9,맛153,만족도85,서비스38,분위기19,메뉴4,디저트가 맛있어요,친절해요,인테리어가 멋져요,특별한 메뉴가 있어요,매장이 청결해요
올더어글리쿠키&사부아페어,쿠키179,약과40,치즈11,헤이즐넛11,얼그레이9,맛181,만족도101,서비스22,가격19,메뉴18,디저트가 맛있어요,특별한 메뉴가 있어요,친절해요,인테리어가 멋져요,사진이 잘 나와요
르셀,소금빵138,휘낭시에11,구움과자10,커피8,샌드위치7,맛152,만족도72,메뉴16,서비스9,음식량8,빵이 맛있어요,특별한 메뉴가 있어요,친절해요,매장이 청결해요,커피가 맛있어요
어커,커피14,소금빵14,라떼9,에이드4,아이스크림2,맛30,만족도27,서비스13,분위기6,목적3,커피가 맛있어요,친절해요,디저트가 맛있어요,인테리어가 멋져요,음료가 맛있어요
TEESSERT,푸딩32,쿠키32,커피27,바나나푸딩10,베이글8,맛82,만족도78,분위기38,서비스13,메뉴8,디저트가 맛있어요,인테리어가 멋져요,커피가 맛있어요,음료가 맛있어요,친절해요
시나본 서울숲점,커피72,시나몬롤43,아메리카노8,수박주스5,라떼4,맛271,만족도229,서비스36,분위기15,주차10,디저트가 맛있어요,커피가 맛있어요,음료가 맛있어요,특별한 메뉴가 있어요,친절해요
모리티아,커피58,쿠키34,라떼15,아메리카노6,바닐라라떼4,맛141,만족도135,분위기51,서비스34,목적10,커피가 맛있어요,음료가 맛있어요,인테리어가 멋져요,디저트가 맛있어요,친절해요
villa.1990,케이크40,치즈39,커피33,치즈케이크32,에이드31,맛127,만족도125,분위기57,서비스32,메뉴12,인테리어가 멋져요,디저트가 맛있어요,커피가 맛있어요,음료가 맛있어요,사진이 잘 나와요
아방베이커리 서울숲점,커피120,스콘96,우유38,케이크20,라떼15,맛344,만족도241,분위기39,서비스34,가격28,빵이 맛있어요,커피가 맛있어요,매장이 청결해요,디저트가 맛있어요,대화하기 좋아요
모센즈스위트 성수점,라떼42,커피33,치즈16,우유16,치아바타4,맛176,만족도122,서비스57,분위기26,음식량8,특별한 메뉴가 있어요,디저트가 맛있어요,친절해요,인테리어가 멋져요,커피가 맛있어요
밀카페 우프,케이크21,커피13,팬케이크7,샌드위치6,과일5,맛55,만족도38,분위기7,서비스6,음식량3,디저트가 맛있어요,커피가 맛있어요,친절해요,음료가 맛있어요,특별한 메뉴가 있어요
청키드 성수점,애플파이36,고기17,치킨17,커피11,맥주9,맛210,만족도111,서비스27,가격10,음식량7,특별한 메뉴가 있어요,빵이 맛있어요,친절해요,매장이 청결해요,인테리어가 멋져요
라에비뉴,커피48,케이크22,아이스크림15,라떼13,아이스크림라떼5,맛115,만족도92,분위기38,서비스15,메뉴9,디저트가 맛있어요,커피가 맛있어요,인테리어가 멋져요,음료가 맛있어요,매장이 청결해요
시즈니,케이크122,치즈90,치즈케이크86,커피48,바스크치즈케이크37,맛239,만족도164,서비스61,분위기41,메뉴35,디저트가 맛있어요,커피가 맛있어요,음료가 맛있어요,친절해요,매장이 청결해요
어퍼룸,커피71,라떼30,에이드29,바질21,휘낭시에18,맛164,만족도138,분위기73,서비스51,메뉴11,커피가 맛있어요,인테리어가 멋져요,디저트가 맛있어요,친절해요,음료가 맛있어요
바비룸뷰티,,,,,,만족도4,서비스2,기술・시술2,분위기1,펌1,,,,,
앵무새루이스,커피7,바나나푸딩6,푸딩6,라떼6,치즈5,만족도37,맛18,분위기10,서비스7,가격3,인테리어가 멋져요,커피가 맛있어요,친절해요,음료가 맛있어요,디저트가 맛있어요
단과자,케이크7,스콘5,컵케이크4,쿠키4,커피4,맛20,만족도16,서비스7,분위기3,목적2,디저트가 맛있어요,특별한 메뉴가 있어요,음료가 맛있어요,커피가 맛있어요,친절해요
동빙고 성수점,빙수182,팥빙수91,우유31,딸기빙수26,단팥죽24,맛297,만족도151,서비스26,분위기23,메뉴14,디저트가 맛있어요,특별한 메뉴가 있어요,친절해요,음식이 빨리 나와요,매장이 청결해요
웨이크앤베이크 성수,타르트48,커피12,에그타르트11,몽블랑4,치즈3,맛65,만족도33,서비스6,가격4,위치3,디저트가 맛있어요,커피가 맛있어요,특별한 메뉴가 있어요,친절해요,음료가 맛있어요
쏘쏘한 베이킹,휘낭시에56,푸딩50,커피24,까눌레23,케이크15,맛221,만족도152,서비스70,목적17,분위기15,디저트가 맛있어요,친절해요,매장이 청결해요,특별한 메뉴가 있어요,음료가 맛있어요
굴림,마들렌26,구움과자20,커피17,휘낭시에10,밀크티8,맛122,만족도68,서비스36,메뉴14,분위기10,디저트가 맛있어요,친절해요,특별한 메뉴가 있어요,매장이 청결해요,인테리어가 멋져요
업사이드커피 뚝섬점,커피109,라떼23,플랫화이트4,드립백3,아이스크림3,맛123,만족도73,서비스32,가격12,메뉴8,커피가 맛있어요,친절해요,음료가 맛있어요,매장이 청결해요,특별한 메뉴가 있어요
까사다루아,타르트57,에그타르트45,커피5,애플시나몬4,얼그레이2,맛78,만족도37,서비스4,목적3,분위기2,디저트가 맛있어요,특별한 메뉴가 있어요,친절해요,커피가 맛있어요,가성비가 좋아요
코타티 성수점,젤라또6,아이스크림3,얼그레이3,바질1,과일1,맛10,만족도4,음식량1,가격1,분위기1,디저트가 맛있어요,특별한 메뉴가 있어요,커피가 맛있어요,음료가 맛있어요,친절해요
Pauline CoffeeBar,커피62,에스프레소55,콘파냐18,라떼16,쿠키11,맛115,만족도88,서비스33,분위기20,음식량3,커피가 맛있어요,친절해요,인테리어가 멋져요,음료가 맛있어요,매장이 청결해요
보난자 베이커리,치즈27,치아바타17,치즈볼11,치즈빵5,올리브치아바타4,맛98,만족도45,서비스9,가격7,목적4,빵이 맛있어요,특별한 메뉴가 있어요,가성비가 좋아요,친절해요,매장이 청결해요
스타벅스 성수역점,커피84,라떼35,케이크16,아메리카노14,샌드위치11,만족도765,맛302,서비스176,분위기62,위치22,커피가 맛있어요,친절해요,음료가 맛있어요,매장이 청결해요,디저트가 맛있어요
하루앤원데이,커피165,케이크114,라떼50,밀크티42,쿠키37,맛625,만족도488,분위기197,서비스94,메뉴74,디저트가 맛있어요,커피가 맛있어요,음료가 맛있어요,인테리어가 멋져요,매장이 청결해요
오색칠,라떼20,커피13,흑임자11,흑임자라떼8,에이드3,맛45,만족도45,분위기11,서비스6,목적5,인테리어가 멋져요,음료가 맛있어요,커피가 맛있어요,친절해요,특별한 메뉴가 있어요
309디저트카페,케이크21,커피12,라떼5,치즈케이크5,치즈5,맛48,만족도35,서비스17,목적6,가격4,디저트가 맛있어요,커피가 맛있어요,친절해요,음료가 맛있어요,가성비가 좋아요
아쿠아산타 서울숲카페,아인슈페너134,케이크109,커피74,아메리카노31,딸기케이크27,맛261,만족도209,분위기100,서비스33,목적26,디저트가 맛있어요,커피가 맛있어요,인테리어가 멋져요,사진이 잘 나와요,음료가 맛있어요
비통레브 르알레스카,치아바타29,소금빵28,흑임자14,식빵12,치즈3,맛76,만족도40,서비스13,위치2,분위기2,빵이 맛있어요,친절해요,특별한 메뉴가 있어요,매장이 청결해요,인테리어가 멋져요
엘레멘츠,커피49,라떼36,케이크21,크림라떼21,타르트18,맛93,만족도55,서비스16,분위기16,가격3,커피가 맛있어요,디저트가 맛있어요,친절해요,인테리어가 멋져요,음료가 맛있어요
에이테이블 성수점,타르트24,에그타르트12,커피6,스콘1,옥수수1,맛29,만족도14,메뉴2,가격2,서비스2,빵이 맛있어요,커피가 맛있어요,특별한 메뉴가 있어요,친절해요,인테리어가 멋져요
코스모스상점,라떼12,와인11,두부10,치킨6,샌드위치6,만족도65,맛54,분위기22,메뉴4,서비스3,인테리어가 멋져요,특별한 메뉴가 있어요,음료가 맛있어요,대화하기 좋아요,커피가 맛있어요
201호,토스트77,프렌치토스트66,파스타55,리조또41,커피30,맛316,만족도219,분위기115,서비스60,메뉴32,음식이 맛있어요,친절해요,매장이 청결해요,재료가 신선해요,인테리어가 멋져요
37.5 시그니처 성수,파스타184,피자139,샐러드80,스테이크56,크림파스타42,맛707,만족도548,분위기273,서비스216,음식량109,음식이 맛있어요,인테리어가 멋져요,친절해요,매장이 청결해요,재료가 신선해요
카페요아정,아이스크림51,요거트47,요거트아이스크림30,과일8,그릭요거트6,맛97,만족도55,서비스25,음식량10,분위기8,디저트가 맛있어요,친절해요,매장이 청결해요,특별한 메뉴가 있어요,대화하기 좋아요
서울바나나,커피59,쉐이크37,토스트36,푸딩25,바나나푸딩18,맛199,만족도164,가격31,메뉴20,분위기17,음료가 맛있어요,가성비가 좋아요,커피가 맛있어요,특별한 메뉴가 있어요,디저트가 맛있어요
소소하게,케이크16,아이스크림1,아이스크림케이크1,백설기1,초코케이크1,맛16,만족도12,목적6,서비스3,음식량1,디저트가 맛있어요,친절해요,특별한 메뉴가 있어요,선물하기 좋아요,매장이 청결해요
강별 성수,파스타17,스테이크11,생선9,와인8,우유6,만족도108,맛83,서비스66,목적26,분위기22,음식이 맛있어요,친절해요,특별한 메뉴가 있어요,재료가 신선해요,특별한 날 가기 좋아요
아이오쓰리 성수사거리점,마카롱13,커피10,라떼5,딸기라떼4,밀크티4,만족도108,맛62,서비스29,분위기7,메뉴6,친절해요,음료가 맛있어요,커피가 맛있어요,인테리어가 멋져요,매장이 청결해요
플래드 카페,커피31,크림브륄레7,브라우니7,라떼7,에이드6,만족도56,맛46,분위기23,서비스10,메뉴3,커피가 맛있어요,인테리어가 멋져요,디저트가 맛있어요,친절해요,뷰가 좋아요
stdo,커피107,크로플89,쿠키14,아이스크림13,라떼13,맛264,만족도217,서비스46,분위기40,가격13,커피가 맛있어요,디저트가 맛있어요,친절해요,음료가 맛있어요,인테리어가 멋져요
프라이데이무브먼트,커피47,까눌레33,휘낭시에7,에이드5,치즈3,맛86,만족도54,서비스19,분위기18,목적11,인테리어가 멋져요,친절해요,커피가 맛있어요,디저트가 맛있어요,음료가 맛있어요
camouflage coffee,커피87,라떼21,플랫화이트18,롱블랙9,카푸치노8,맛108,만족도59,분위기16,서비스16,위치2,커피가 맛있어요,인테리어가 멋져요,친절해요,매장이 청결해요,음료가 맛있어요
포도빵집,쌀빵32,소금빵30,샌드위치18,치아바타12,바게트11,맛92,만족도68,서비스17,분위기14,메뉴9,빵이 맛있어요,친절해요,특별한 메뉴가 있어요,인테리어가 멋져요,매장이 청결해요
디데이크,케이크37,과일5,얼그레이2,주문제작케이크1,크림치즈1,만족도39,맛32,목적18,서비스16,음식량3,친절해요,디저트가 맛있어요,선물하기 좋아요,특별한 메뉴가 있어요,매장이 청결해요
피어커피,커피84,라떼20,쿠키6,브루잉커피4,플랫화이트4,맛94,만족도57,서비스24,분위기12,메뉴4,커피가 맛있어요,친절해요,매장이 청결해요,음료가 맛있어요,인테리어가 멋져요
스윗바이브,커피61,케이크57,타르트41,밀크티37,스콘24,맛164,만족도113,메뉴45,서비스42,분위기36,디저트가 맛있어요,커피가 맛있어요,친절해요,음료가 맛있어요,특별한 메뉴가 있어요
오버도즈도넛앤커피 성수,도넛420,커피95,우유30,얼그레이23,크림브륄레18,맛501,만족도269,분위기88,서비스76,목적27,디저트가 맛있어요,빵이 맛있어요,친절해요,커피가 맛있어요,특별한 메뉴가 있어요
인덱스카라멜,커피8,얼그레이5,바질4,아이스크림4,밀크티3,맛87,만족도70,목적45,서비스25,가격13,디저트가 맛있어요,특별한 메뉴가 있어요,친절해요,매장이 청결해요,인테리어가 멋져요
아이오쓰리 에이스하이엔드점,커피18,마카롱18,라떼12,샌드위치5,딸기라떼4,만족도164,맛101,서비스29,분위기27,메뉴6,음료가 맛있어요,인테리어가 멋져요,매장이 청결해요,친절해요,커피가 맛있어요
샌드카베,커피69,치즈68,치즈케이크40,케이크34,라떼5,맛84,만족도59,서비스26,분위기13,가격3,디저트가 맛있어요,커피가 맛있어요,친절해요,특별한 메뉴가 있어요,인테리어가 멋져요
메종 파이프그라운드,피자347,옥수수247,파스타99,초밥50,라자냐47,맛524,만족도270,분위기58,서비스56,메뉴33,음식이 맛있어요,특별한 메뉴가 있어요,인테리어가 멋져요,매장이 넓어요,매장이 청결해요
아이아이알,커피20,라떼9,바질7,케이크6,에이드5,맛42,만족도31,분위기14,메뉴7,서비스5,커피가 맛있어요,인테리어가 멋져요,디저트가 맛있어요,사진이 잘 나와요,음료가 맛있어요
카페 이페메라 LCDC SEOUL,커피67,타르트45,얼그레이24,라떼18,아메리카노11,맛132,만족도122,분위기35,서비스15,메뉴10,인테리어가 멋져요,커피가 맛있어요,디저트가 맛있어요,매장이 청결해요,음료가 맛있어요
올데이휘낭시에 성수점,휘낭시에71,커피42,라떼6,아이스크림3,우유2,맛68,만족도50,서비스25,목적19,분위기8,디저트가 맛있어요,친절해요,커피가 맛있어요,매장이 청결해요,인테리어가 멋져요
하우트제곱,쿠키36,커피24,라떼20,크로플14,샌드위치12,맛73,만족도68,분위기44,서비스10,목적5,디저트가 맛있어요,인테리어가 멋져요,커피가 맛있어요,친절해요,매장이 청결해요
에이피피피,커피65,마들렌28,라떼27,휘낭시에17,크림라떼14,맛106,만족도96,분위기46,서비스38,메뉴5,커피가 맛있어요,인테리어가 멋져요,디저트가 맛있어요,친절해요,사진이 잘 나와요
밀키샵 성수점,도넛91,꽈배기25,우유23,수박주스15,아이스크림8,맛121,만족도85,서비스29,목적17,메뉴13,디저트가 맛있어요,친절해요,특별한 메뉴가 있어요,인테리어가 멋져요,매장이 청결해요
크로플다일 본점,크로플80,아이스크림43,커피15,우유아이스크림11,라떼9,맛109,만족도80,분위기23,서비스15,청결도4,디저트가 맛있어요,인테리어가 멋져요,커피가 맛있어요,특별한 메뉴가 있어요,친절해요
앤드밀 성수점,샌드위치159,바질123,파니니82,바게트40,치즈33,맛575,만족도300,메뉴59,서비스57,대기시간36,음식이 맛있어요,특별한 메뉴가 있어요,재료가 신선해요,친절해요,인테리어가 멋져요
카페 포제,커피60,라떼20,아메리카노8,까눌레7,스콘7,맛103,만족도96,분위기32,메뉴9,서비스8,커피가 맛있어요,인테리어가 멋져요,음료가 맛있어요,대화하기 좋아요,디저트가 맛있어요
올드너티 커피로스터스,커피56,치즈11,케이크10,치즈케이크10,옥수수7,맛71,만족도52,서비스29,분위기18,위치5,커피가 맛있어요,친절해요,인테리어가 멋져요,디저트가 맛있어요,음료가 맛있어요
복식커피,커피59,쿠키18,마들렌14,라떼13,케이크8,맛71,만족도50,서비스33,분위기13,메뉴6,커피가 맛있어요,친절해요,디저트가 맛있어요,음료가 맛있어요,인테리어가 멋져요
마야마야 북 & 라이프 카페,커피12,토스트3,소금빵2,라떼2,프렌치토스트2,맛17,만족도15,서비스5,분위기4,메뉴2,커피가 맛있어요,인테리어가 멋져요,친절해요,매장이 청결해요,음료가 맛있어요
어글리크림치즈,베이글33,치즈22,크림치즈21,샌드위치5,얼그레이2,맛44,만족도20,서비스9,가격2,위치2,빵이 맛있어요,친절해요,특별한 메뉴가 있어요,매장이 청결해요,가성비가 좋아요
뚜르띠에르,고기16,커피8,떡갈비8,미트볼6,한우5,맛97,만족도62,서비스23,분위기12,예약8,특별한 메뉴가 있어요,디저트가 맛있어요,인테리어가 멋져요,친절해요,사진이 잘 나와요
타크,타코83,치킨23,맥주13,생선6,옥수수5,맛115,만족도71,서비스17,가격14,대기시간10,음식이 맛있어요,특별한 메뉴가 있어요,친절해요,인테리어가 멋져요,매장이 청결해요
글레이셔박,젤라또54,아이스크림18,누룽지13,얼그레이12,치즈11,맛119,만족도45,서비스17,분위기3,청결도3,디저트가 맛있어요,특별한 메뉴가 있어요,친절해요,매장이 청결해요,커피가 맛있어요
버치커피,커피83,라떼26,플랫화이트8,우유5,쿠키5,맛88,만족도57,서비스40,분위기12,위치4,커피가 맛있어요,친절해요,매장이 청결해요,인테리어가 멋져요,대화하기 좋아요
RSG 성수,라떼5,빙수1,딸기빙수1,스무디1,커피1,라떼5,빙수1,딸기빙수1,스무디1,커피1,음료가 맛있어요,인테리어가 멋져요,커피가 맛있어요,사진이 잘 나와요,친절해요
프라이데이 베이커리,까눌레37,커피10,휘낭시에7,에이드2,자두에이드2,맛63,만족도48,목적41,서비스12,분위기6,디저트가 맛있어요,인테리어가 멋져요,친절해요,특별한 메뉴가 있어요,커피가 맛있어요
폴인레미유 성수점,커피109,케이크55,라떼35,에이드16,크로플13,만족도312,맛290,분위기144,서비스65,메뉴20,인테리어가 멋져요,커피가 맛있어요,디저트가 맛있어요,사진이 잘 나와요,음료가 맛있어요
투썸플레이스 서울숲역점,커피41,케이크15,샐러드11,아메리카노7,밀크티6,만족도293,맛147,서비스40,분위기30,메뉴14,커피가 맛있어요,디저트가 맛있어요,음료가 맛있어요,매장이 청결해요,대화하기 좋아요
네모네,커피8,케이크6,딸기케이크5,휘낭시에3,쿠키2,만족도19,맛18,서비스7,분위기7,위치1,디저트가 맛있어요,커피가 맛있어요,인테리어가 멋져요,친절해요,음료가 맛있어요
DYI WORKSHOP,커피73,초콜릿45,라떼11,아메리카노5,치즈5,만족도99,맛89,분위기23,서비스21,메뉴5,커피가 맛있어요,디저트가 맛있어요,친절해요,인테리어가 멋져요,특별한 메뉴가 있어요
인치스,커피83,라떼71,머핀36,쿠키26,쉐이크16,맛362,만족도264,서비스85,분위기57,목적52,디저트가 맛있어요,커피가 맛있어요,특별한 메뉴가 있어요,친절해요,인테리어가 멋져요
글리터,소금빵25,케이크20,커피11,치즈6,치즈케이크4,맛43,만족도28,분위기11,목적5,서비스2,디저트가 맛있어요,인테리어가 멋져요,빵이 맛있어요,아늑해요,커피가 맛있어요
오프커피,커피154,젤라또81,바질27,아이스크림17,라떼15,맛277,만족도205,서비스87,분위기65,가격7,커피가 맛있어요,음료가 맛있어요,친절해요,디저트가 맛있어요,인테리어가 멋져요
시슬러스,커피38,핫도그19,칵테일15,토스트9,와인9,만족도84,맛69,분위기51,서비스43,메뉴6,인테리어가 멋져요,친절해요,커피가 맛있어요,사진이 잘 나와요,음료가 맛있어요
백야드빌더성수,커피10,아인슈페너2,핫도그1,쿠키1,밀크티1,만족도12,맛10,서비스8,분위기4,메뉴1,커피가 맛있어요,인테리어가 멋져요,친절해요,음료가 맛있어요,사진이 잘 나와요
히즈빈스 성수점,커피82,쿠키33,라떼19,바닐라빈라떼6,에이드5,맛156,만족도139,서비스37,분위기26,목적10,커피가 맛있어요,집중하기 좋아요,친절해요,매장이 청결해요,음료가 맛있어요
빌로위 성수,파스타35,커피24,와인20,필라프14,바질13,맛86,만족도73,분위기35,서비스12,메뉴11,인테리어가 멋져요,음료가 맛있어요,특별한 메뉴가 있어요,사진이 잘 나와요,친절해요
래뮤,파르페38,커피33,휘낭시에16,구움과자16,마들렌15,맛100,만족도62,서비스24,분위기15,메뉴7,디저트가 맛있어요,커피가 맛있어요,특별한 메뉴가 있어요,친절해요,매장이 청결해요
올로,베이글49,휘낭시에13,치즈12,샌드위치11,크림치즈9,맛72,만족도42,서비스11,분위기3,가격2,특별한 메뉴가 있어요,디저트가 맛있어요,빵이 맛있어요,친절해요,매장이 청결해요
성수동 수제모찌,모찌224,과일132,딸기모찌46,과일모찌31,찹쌀떡10,맛317,만족도201,서비스84,목적62,위치12,특별한 메뉴가 있어요,친절해요,매장이 청결해요,빵이 맛있어요,가성비가 좋아요
투썸플레이스 성수skv타워점,케이크48,커피36,라떼9,빙수6,에이드5,만족도239,맛162,서비스83,분위기16,메뉴12,커피가 맛있어요,디저트가 맛있어요,음료가 맛있어요,친절해요,매장이 청결해요
그레인바운더리 성수점,쿠키71,커피21,아메리카노6,치즈5,스모어쿠키3,맛109,만족도56,서비스12,가격10,분위기8,빵이 맛있어요,특별한 메뉴가 있어요,친절해요,인테리어가 멋져요,매장이 청결해요
피리어드,타르트53,에그타르트30,커피30,라떼11,아메리카노7,맛69,만족도67,서비스19,분위기18,목적2,커피가 맛있어요,디저트가 맛있어요,음료가 맛있어요,친절해요,인테리어가 멋져요
메이플탑,케이크161,팬케이크149,오믈렛103,커피82,토스트42,맛867,만족도676,서비스158,분위기145,음식량141,음식이 맛있어요,매장이 넓어요,인테리어가 멋져요,친절해요,매장이 청결해요
성수미술관 연남점,,,,,,서비스222,혼잡도37,예약26,가격23,아이만족도22,집중하기 좋아요,컨셉이 독특해요,친절해요,사진이 잘 나와요,인테리어가 멋져요
어페어커피,커피44,두부13,우유12,까눌레9,라떼9,맛55,만족도41,분위기13,서비스10,메뉴3,커피가 맛있어요,디저트가 맛있어요,친절해요,매장이 청결해요,음료가 맛있어요
소울레터커피컴퍼니,커피48,쿠키22,라떼9,아이스크림3,진저라떼2,맛78,만족도77,서비스19,분위기16,주차10,커피가 맛있어요,디저트가 맛있어요,친절해요,인테리어가 멋져요,특별한 메뉴가 있어요
로우커피스탠드 성수점,커피86,라떼32,아메리카노5,바닐라라떼4,초코라떼4,맛109,만족도72,서비스19,가격19,메뉴6,커피가 맛있어요,가성비가 좋아요,친절해요,음료가 맛있어요,뷰가 좋아요
어썸블리스,케이크67,마카롱48,과일9,휘낭시에9,쿠키8,만족도117,맛110,서비스67,목적27,분위기7,친절해요,빵이 맛있어요,특별한 메뉴가 있어요,매장이 청결해요,인테리어가 멋져요
플로피,커피23,샌드위치12,치아바타7,아이스크림5,라떼5,맛31,만족도24,서비스10,분위기9,위치3,커피가 맛있어요,친절해요,디저트가 맛있어요,매장이 청결해요,인테리어가 멋져요
리옹베이커리,케이크33,커피12,레몬케이크3,에이드2,치즈2,맛61,만족도51,서비스26,분위기10,메뉴3,디저트가 맛있어요,친절해요,커피가 맛있어요,음료가 맛있어요,특별한 메뉴가 있어요
스타벅스 서울숲역점,커피92,라떼30,샌드위치13,케이크10,아메리카노8,만족도861,맛257,서비스160,분위기55,위치20,커피가 맛있어요,친절해요,매장이 청결해요,음료가 맛있어요,디저트가 맛있어요
한나 성수점,젤리17,커피4,에이드3,케이크3,인절미2,맛15,만족도14,분위기7,서비스5,목적3,디저트가 맛있어요,인테리어가 멋져요,특별한 메뉴가 있어요,사진이 잘 나와요,커피가 맛있어요
커피식탁,커피34,케이크10,라떼9,얼그레이케이크3,얼그레이3,맛42,만족도29,서비스14,분위기8,메뉴5,커피가 맛있어요,친절해요,디저트가 맛있어요,음료가 맛있어요,가성비가 좋아요
푸르너스가든 서울숲,커피37,케이크6,치즈케이크3,치즈3,라떼3,만족도174,맛63,분위기60,서비스17,전망4,커피가 맛있어요,인테리어가 멋져요,뷰가 좋아요,대화하기 좋아요,음료가 맛있어요
그리디힙히크,커피29,타르트8,에그타르트6,쿠키6,스콘6,맛45,만족도35,분위기12,서비스5,목적2,커피가 맛있어요,디저트가 맛있어요,인테리어가 멋져요,친절해요,음료가 맛있어요
카페 해피캠퍼,커피59,푸딩47,라떼21,바나나푸딩17,쿠키17,맛112,만족도79,서비스24,분위기14,목적8,디저트가 맛있어요,커피가 맛있어요,친절해요,음료가 맛있어요,특별한 메뉴가 있어요
데우스 카페 성수점,커피32,햄버거31,라떼8,수제버거8,치즈7,맛159,만족도138,분위기76,서비스26,메뉴11,인테리어가 멋져요,매장이 청결해요,친절해요,특별한 메뉴가 있어요,커피가 맛있어요
위키드와이프 페어링바 & 까페스토크,와인48,파스타6,명란4,명란파스타4,샐러드4,만족도55,맛54,서비스16,분위기13,메뉴5,음식이 맛있어요,인테리어가 멋져요,특별한 메뉴가 있어요,친절해요,매장이 청결해요
훌로훌로케이크,케이크11,도시락2,도시락케이크2,주문제작케이크1,당근케이크1,만족도13,맛10,서비스6,분위기1,목적1,디저트가 맛있어요,친절해요,선물하기 좋아요,특별한 메뉴가 있어요,매장이 청결해요
DYCAFE,커피28,라떼18,크로플6,쥬스4,바닐라라떼3,맛43,만족도28,서비스13,분위기12,메뉴3,커피가 맛있어요,인테리어가 멋져요,친절해요,음료가 맛있어요,디저트가 맛있어요
브로벨커피,커피54,라떼17,필터커피8,휘낭시에8,구움과자6,맛62,만족도50,서비스15,분위기11,메뉴4,커피가 맛있어요,친절해요,인테리어가 멋져요,음료가 맛있어요,특별한 메뉴가 있어요
KROW,커피100,아포가토19,위스키11,핸드드립9,드립커피7,만족도118,맛88,서비스79,분위기60,메뉴10,커피가 맛있어요,인테리어가 멋져요,특별한 메뉴가 있어요,친절해요,대화하기 좋아요
오거트,요거트72,그릭요거트23,흑임자5,과일4,딸기요거트2,맛119,만족도66,가격9,서비스7,분위기4,디저트가 맛있어요,특별한 메뉴가 있어요,친절해요,인테리어가 멋져요,매장이 청결해요
퀸테트,커피11,갈레트11,크레페9,케이크8,토스트5,맛42,만족도33,서비스10,분위기9,메뉴5,음식이 맛있어요,인테리어가 멋져요,친절해요,특별한 메뉴가 있어요,매장이 청결해요
에토프커피 성수,커피45,스콘18,라떼6,아메리카노4,아이스크림3,맛60,만족도48,서비스24,분위기20,메뉴4,커피가 맛있어요,친절해요,인테리어가 멋져요,디저트가 맛있어요,매장이 청결해요
에그마카슈 성수,타르트39,에그타르트32,커피3,마카롱1,,타르트39,에그타르트32,커피3,마카롱1,맛58,디저트가 맛있어요,친절해요,가성비가 좋아요,특별한 메뉴가 있어요,매장이 청결해요
스탠드업플리즈바이턴온,에스프레소39,커피30,콘파냐13,라떼2,카푸치노2,맛72,만족도56,서비스10,가격9,분위기7,커피가 맛있어요,친절해요,가성비가 좋아요,특별한 메뉴가 있어요,인테리어가 멋져요
위켄드피크닉,커피7,라떼3,쿠키3,에이드3,청귤에이드3,커피7,라떼3,쿠키3,에이드3,청귤에이드3,커피가 맛있어요,친절해요,음료가 맛있어요,디저트가 맛있어요,인테리어가 멋져요
앳이즈,커피24,에스프레소20,라떼7,콘파냐4,크로플3,맛50,만족도30,분위기21,서비스10,가격3,커피가 맛있어요,친절해요,인테리어가 멋져요,매장이 청결해요,음료가 맛있어요
헤이숲,커피1,츄러스1,청귤차1,에이드1,와인1,맛8,만족도7,분위기3,서비스3,메뉴1,커피가 맛있어요,인테리어가 멋져요,사진이 잘 나와요,대화하기 좋아요,디저트가 맛있어요
스타벅스 뚝섬역점,커피107,라떼46,샌드위치16,아메리카노10,케이크10,만족도826,맛327,서비스199,위치51,분위기39,커피가 맛있어요,친절해요,음료가 맛있어요,디저트가 맛있어요,매장이 청결해요
와이덴 성수,커피81,스콘50,라떼26,얼그레이24,크림라떼11,맛138,만족도90,서비스54,분위기41,메뉴20,커피가 맛있어요,디저트가 맛있어요,친절해요,음료가 맛있어요,인테리어가 멋져요
온에떼라,케이크9,휘낭시에6,커피6,쿠키3,약과3,맛54,만족도32,목적3,서비스3,분위기2,디저트가 맛있어요,특별한 메뉴가 있어요,친절해요,매장이 청결해요,커피가 맛있어요
하우스 오브 지알,,,,,,,,,,,,,,,
투데이즈이너프,커피90,에스프레소63,콘파냐17,비스코티15,샤케라또3,맛132,만족도102,서비스77,분위기53,목적7,커피가 맛있어요,친절해요,인테리어가 멋져요,매장이 청결해요,사진이 잘 나와요
리커버리커피바,커피24,라떼9,크로플4,푸딩3,플랫화이트3,맛29,만족도26,서비스5,위치2,분위기2,커피가 맛있어요,친절해요,디저트가 맛있어요,음료가 맛있어요,인테리어가 멋져요
바버앤젤라또,젤라또23,아이스크림5,와플2,커피2,초콜릿1,맛25,만족도14,서비스4,분위기3,가격1,디저트가 맛있어요,인테리어가 멋져요,친절해요,사진이 잘 나와요,특별한 메뉴가 있어요
수피하우스,커피2,핫초코2,도넛1,라떼1,치즈1,커피2,핫초코2,도넛1,라떼1,치즈1,,,,,
디 진테제 하이 카페,커피6,라떼3,에스프레소1,,,커피6,라떼3,에스프레소1,만족도6,맛3,커피가 맛있어요,친절해요,집중하기 좋아요,특별한 메뉴가 있어요,뷰가 좋아요
사운드프로바이더,푸딩10,아이스크림2,에이드2,위스키2,커피2,푸딩10,아이스크림2,에이드2,위스키2,커피2,디저트가 맛있어요,음악이 좋아요,인테리어가 멋져요,음료가 맛있어요,사진이 잘 나와요
릴레이션 카페,커피26,라떼7,쑥라떼5,필터커피2,케이크2,만족도36,맛34,분위기15,서비스9,가격2,커피가 맛있어요,인테리어가 멋져요,친절해요,음료가 맛있어요,대화하기 좋아요
로우포레스트,커피24,크로플8,라떼6,아메리카노6,아이스크림4,맛44,만족도38,분위기13,서비스5,메뉴4,커피가 맛있어요,인테리어가 멋져요,친절해요,디저트가 맛있어요,음료가 맛있어요
씨에이크,케이크14,크림치즈2,치즈2,스콘2,밀크티1,만족도16,맛14,서비스6,목적4,메뉴1,디저트가 맛있어요,친절해요,특별한 메뉴가 있어요,인테리어가 멋져요,매장이 청결해요
블루너리,커피43,파르페39,아메리카노8,크림브륄레7,라떼6,맛85,만족도78,분위기47,서비스17,메뉴4,친절해요,커피가 맛있어요,디저트가 맛있어요,매장이 청결해요,사진이 잘 나와요
누아흐,커피120,케이크46,라떼43,쿠키37,치즈23,맛246,만족도195,분위기73,서비스69,메뉴19,커피가 맛있어요,디저트가 맛있어요,음료가 맛있어요,친절해요,인테리어가 멋져요
하이엔드라이,커피96,아인슈페너46,칵테일18,와인11,아메리카노11,만족도202,맛155,분위기77,서비스70,목적5,인테리어가 멋져요,친절해요,음료가 맛있어요,커피가 맛있어요,사진이 잘 나와요
메종드마가레뜨,베이글62,소금빵56,치즈28,크림치즈25,모닝빵24,맛137,만족도99,서비스36,분위기24,청결도4,빵이 맛있어요,친절해요,인테리어가 멋져요,특별한 메뉴가 있어요,사진이 잘 나와요
쿠키도우즈,쿠키20,시나몬롤20,커피16,치즈12,콘치즈6,맛93,만족도48,서비스42,위치10,목적6,빵이 맛있어요,친절해요,매장이 청결해요,특별한 메뉴가 있어요,인테리어가 멋져요
리글림 카페 성수점,커피67,스콘65,핸드드립14,드립커피11,에이드11,맛91,만족도63,서비스39,메뉴11,분위기7,커피가 맛있어요,디저트가 맛있어요,친절해요,음료가 맛있어요,매장이 청결해요
기댈빙,빙수56,와인19,메론빙수16,망고빙수9,아이스크림6,맛57,만족도43,서비스26,음식량7,분위기4,디저트가 맛있어요,특별한 메뉴가 있어요,친절해요,매장이 청결해요,가성비가 좋아요
탐앤탐스 성수1호점,프레즐18,커피18,라떼6,요거트6,브레드4,만족도111,맛61,서비스16,분위기6,메뉴2,커피가 맛있어요,음료가 맛있어요,친절해요,매장이 청결해요,디저트가 맛있어요
보스코 에스프레소 바,커피85,에스프레소83,크로플45,콘파냐27,라떼22,맛187,만족도114,서비스39,분위기30,메뉴19,커피가 맛있어요,친절해요,음료가 맛있어요,인테리어가 멋져요,매장이 청결해요
웜히어,케이크24,커피18,라떼14,쿠키11,얼그레이10,맛60,만족도51,분위기15,서비스11,메뉴5,디저트가 맛있어요,커피가 맛있어요,인테리어가 멋져요,친절해요,음료가 맛있어요
마르코웤스,커피34,라떼14,바닐라라떼6,플랫화이트4,밀크티3,맛48,만족도32,메뉴8,가격4,서비스3,커피가 맛있어요,친절해요,음료가 맛있어요,인테리어가 멋져요,매장이 청결해요
