,code,menu_1,menu_2,menu_3,menu_4,feature_1,feature_2,feature_3,feature_4,feature_5,short_top1,short_top2,short_top3,short_top4,short_top5,menu_5
부트 카페 연남,1673974291,커피32,라떼13,밀크티1,아메리카노1,커피32,라떼13,밀크티1,아메리카노1,맛34,커피가 맛있어요,인테리어가 멋져요,친절해요,사진이 잘 나와요,매장이 청결해요,
차니베어스테이션,1225651194,컵케이크20,케이크17,커피8,라떼6,만족도78,맛47,분위기23,서비스16,목적7,인테리어가 멋져요,친절해요,디저트가 맛있어요,사진이 잘 나와요,특별한 메뉴가 있어요,파르페3
르누아즈,1662471064,커피23,케이크17,타르트10,스콘8,맛127,만족도80,서비스16,분위기11,메뉴7,디저트가 맛있어요,친절해요,커피가 맛있어요,특별한 메뉴가 있어요,음료가 맛있어요,아메리카노6
플리퍼스 연남점,1008547388,수플레24,케이크12,팬케이크8,커피6,맛39,만족도23,서비스7,분위기5,가격5,디저트가 맛있어요,커피가 맛있어요,음료가 맛있어요,특별한 메뉴가 있어요,대화하기 좋아요,푸딩5
호안끼엠,1562184080,빙수71,망고빙수41,커피30,딸기빙수11,맛113,만족도77,서비스30,분위기26,가격4,디저트가 맛있어요,친절해요,인테리어가 멋져요,음료가 맛있어요,커피가 맛있어요,라떼8
다레젤라또 연남점,1115566217,젤라또77,아이스크림25,흑임자12,얼그레이7,맛152,만족도68,서비스31,메뉴14,음식량3,디저트가 맛있어요,친절해요,특별한 메뉴가 있어요,매장이 청결해요,가성비가 좋아요,밀크티7
1994SEOUL,1328645576,,,,,만족도8,맛3,약과2,다식2,서비스2,특별한 메뉴가 있어요,인테리어가 멋져요,매장이 청결해요,디저트가 맛있어요,음료가 맛있어요,
꾸다방,1530424893,커피48,휘낭시에19,라떼15,치즈6,맛100,만족도59,분위기23,서비스21,전망2,커피가 맛있어요,디저트가 맛있어요,음료가 맛있어요,친절해요,대화하기 좋아요,크림라떼5
페어리 하우스,1384022341,커피2,라떼1,샌드위치1,아메리카노1,만족도5,맛4,분위기2,서비스2,전망1,,,,,,케이크1
카페늘보,1199284777,,,,,만족도26,서비스16,맛6,에이드5,분위기2,친절해요,음료가 맛있어요,특별한 메뉴가 있어요,집중하기 좋아요,커피가 맛있어요,
바림케이크,1358257052,쿠키23,타르트23,케이크20,치즈19,맛77,만족도56,서비스36,분위기14,가격3,디저트가 맛있어요,친절해요,특별한 메뉴가 있어요,매장이 청결해요,커피가 맛있어요,콘치즈13
리이슈커피로스터스,1510715349,커피17,라떼17,휘낭시에2,에스프레소1,맛24,만족도17,서비스4,분위기3,청결도1,커피가 맛있어요,친절해요,인테리어가 멋져요,매장이 청결해요,음료가 맛있어요,바닐라라떼1
다르 에스프레소바,1806446626,커피65,에스프레소25,라떼22,케이크9,맛65,만족도56,서비스26,분위기20,메뉴5,커피가 맛있어요,친절해요,인테리어가 멋져요,매장이 청결해요,디저트가 맛있어요,핸드드립7
미로베이크,1155196632,커피11,케이크10,푸딩7,바나나푸딩6,맛59,만족도36,서비스8,메뉴7,목적5,디저트가 맛있어요,친절해요,커피가 맛있어요,빵이 맛있어요,매장이 청결해요,타르트6
데일리라운드,34079145,토스트27,파스타21,프렌치토스트18,샐러드18,맛199,만족도182,분위기91,서비스30,음식량16,음식이 맛있어요,친절해요,인테리어가 멋져요,재료가 신선해요,특별한 메뉴가 있어요,커피12
서울도넛츠 연남점,1910858491,도넛25,꽈배기13,커피4,우유3,맛109,만족도55,서비스20,가격4,분위기2,디저트가 맛있어요,친절해요,특별한 메뉴가 있어요,가성비가 좋아요,커피가 맛있어요,초콜릿3
부빵,1528573639,소금빵12,커피5,아메리카노3,샌드위치3,맛59,만족도55,서비스21,분위기14,메뉴10,빵이 맛있어요,친절해요,특별한 메뉴가 있어요,인테리어가 멋져요,매장이 청결해요,바게트3
텐더리커피앤디저트,1243694776,커피24,소금빵19,라떼11,아인슈페너5,맛52,만족도38,서비스17,분위기15,전망6,커피가 맛있어요,인테리어가 멋져요,디저트가 맛있어요,친절해요,매장이 청결해요,파운드케이크4
야미양 글루텐프리 공방카페,1172962798,쿠키68,커피23,라떼12,마들렌7,만족도124,맛121,분위기50,서비스49,목적8,디저트가 맛있어요,인테리어가 멋져요,친절해요,음료가 맛있어요,커피가 맛있어요,약과6
카페몽슈슈 연남점,1577367029,케이크8,커피7,롤케이크5,도지마롤5,맛43,만족도38,서비스19,분위기9,목적7,빵이 맛있어요,친절해요,매장이 청결해요,특별한 메뉴가 있어요,인테리어가 멋져요,밀크티4
연남동콤부차,1252488478,커피4,뱅쇼4,라떼4,찹쌀떡3,맛49,만족도31,서비스16,분위기5,목적3,음료가 맛있어요,특별한 메뉴가 있어요,인테리어가 멋져요,친절해요,매장이 청결해요,흑임자2
마카롱롱롱,31481801,마카롱36,얼그레이6,커피4,밀크티3,맛50,만족도29,서비스10,목적5,메뉴3,디저트가 맛있어요,친절해요,커피가 맛있어요,음료가 맛있어요,특별한 메뉴가 있어요,흑임자2
데저트,1783410564,쿠키12,푸딩6,치즈3,치즈케이크3,만족도24,맛23,분위기7,서비스5,가격3,디저트가 맛있어요,친절해요,특별한 메뉴가 있어요,매장이 청결해요,인테리어가 멋져요,케이크3
필엣필즈,1291868151,커피15,치즈15,소금빵12,케이크11,맛148,만족도92,서비스19,목적15,메뉴8,디저트가 맛있어요,빵이 맛있어요,친절해요,특별한 메뉴가 있어요,매장이 청결해요,치즈포테이토10
얼웨이즈스프링,1562362196,케이크31,휘낭시에18,크림브륄레15,커피13,맛65,만족도50,서비스19,분위기15,목적5,디저트가 맛있어요,친절해요,커피가 맛있어요,매장이 청결해요,특별한 메뉴가 있어요,딸기케이크4
멜티스트,1007494188,휘낭시에10,케이크6,커피5,스콘4,맛21,만족도18,서비스8,분위기4,메뉴2,디저트가 맛있어요,인테리어가 멋져요,친절해요,커피가 맛있어요,특별한 메뉴가 있어요,푸딩2
와이와이와이 그릭요거트 연남,1971357827,요거트185,그릭요거트104,커피61,과일40,맛197,만족도132,서비스44,분위기29,음식량9,디저트가 맛있어요,특별한 메뉴가 있어요,친절해요,매장이 청결해요,인테리어가 멋져요,흑임자38
컴포넌트 커피,1265578612,커피57,휘낭시에41,라떼35,크림라떼26,만족도103,맛100,분위기40,서비스22,메뉴10,인테리어가 멋져요,디저트가 맛있어요,커피가 맛있어요,음료가 맛있어요,사진이 잘 나와요,에이드7
월에버,1081109811,커피16,치즈케이크5,치즈5,케이크4,맛19,만족도16,서비스14,분위기4,메뉴2,커피가 맛있어요,친절해요,디저트가 맛있어요,인테리어가 멋져요,음료가 맛있어요,바스크치즈케이크4
메종미하벨,1282558007,케이크8,수제케이크2,과일2,,케이크8,수제케이크2,과일2,만족도11,맛11,,,,,,
백종명화이트커피,972643975,커피24,아메리카노3,바닐라라떼2,라떼2,만족도27,맛25,분위기3,서비스2,메뉴2,커피가 맛있어요,친절해요,디저트가 맛있어요,매장이 청결해요,음료가 맛있어요,크로플2
거니노룰즈,1200953867,소금빵109,커피22,크로와상11,아메리카노7,맛125,만족도78,서비스31,분위기6,목적5,빵이 맛있어요,친절해요,커피가 맛있어요,특별한 메뉴가 있어요,가성비가 좋아요,식빵6
카페 드 루왁,1156818422,커피103,휘낭시에34,마카롱34,에스프레소19,만족도83,맛80,서비스28,분위기27,메뉴6,커피가 맛있어요,디저트가 맛있어요,특별한 메뉴가 있어요,친절해요,인테리어가 멋져요,라떼15
애몽,1290724510,젤리5,푸딩5,과일4,파르페4,만족도12,맛6,서비스3,분위기3,방역1,디저트가 맛있어요,특별한 메뉴가 있어요,사진이 잘 나와요,커피가 맛있어요,친절해요,곤약젤리1
테누커피,1110821571,모찌50,빙수44,커피43,딸기모찌21,맛110,만족도76,서비스14,분위기11,음식량11,디저트가 맛있어요,커피가 맛있어요,특별한 메뉴가 있어요,음료가 맛있어요,인테리어가 멋져요,찹쌀떡5
벌스가든,1940633666,케이크24,커피19,라떼6,아메리카노4,만족도56,서비스28,맛28,가격22,분위기17,인테리어가 멋져요,커피가 맛있어요,디저트가 맛있어요,음료가 맛있어요,사진이 잘 나와요,레몬케이크3
메리트리,1601052613,크로플15,케이크9,빙수8,커피5,맛38,만족도38,분위기10,서비스4,가격1,디저트가 맛있어요,음료가 맛있어요,커피가 맛있어요,인테리어가 멋져요,특별한 메뉴가 있어요,라떼5
lebonble 르봉블레,1908880523,쿠키40,타르트18,커피4,과일4,맛38,만족도34,목적27,서비스6,분위기6,특별한 메뉴가 있어요,친절해요,인테리어가 멋져요,디저트가 맛있어요,빵이 맛있어요,얼그레이4
카페스콘,1964985703,스콘79,케이크59,커피46,레몬케이크38,맛190,만족도173,분위기55,서비스25,메뉴8,디저트가 맛있어요,커피가 맛있어요,인테리어가 멋져요,친절해요,음료가 맛있어요,코코넛케이크20
모닝캄커피랩 연남점,1213138528,커피65,치즈34,크로플16,아이스크림15,맛87,만족도70,분위기37,서비스18,메뉴11,커피가 맛있어요,인테리어가 멋져요,디저트가 맛있어요,음료가 맛있어요,특별한 메뉴가 있어요,브라운치즈크로플8
코코리코,1727400952,바게트23,치즈19,포카치아19,크림치즈11,맛142,만족도86,서비스29,음식량6,가격5,빵이 맛있어요,친절해요,특별한 메뉴가 있어요,매장이 청결해요,인테리어가 멋져요,치아바타11
파롤앤랑그,1830575633,옥수수149,바질145,커피56,타르트24,맛566,만족도351,대기시간46,가격44,서비스39,디저트가 맛있어요,특별한 메뉴가 있어요,친절해요,커피가 맛있어요,인테리어가 멋져요,라떼16
17도씨,35453402,초콜릿94,빙수84,초코빙수40,아이스크림38,맛222,만족도119,서비스32,목적19,가격9,디저트가 맛있어요,특별한 메뉴가 있어요,음료가 맛있어요,친절해요,커피가 맛있어요,초코아이스크림16
테일러커피 연남점,37604020,커피194,크림모카39,아인슈페너30,라떼18,맛261,만족도150,분위기32,서비스30,메뉴10,커피가 맛있어요,친절해요,음료가 맛있어요,대화하기 좋아요,디저트가 맛있어요,드립커피6
버터앤쉘터 연남점,1518148646,커피203,쿠키189,스콘51,옥수수35,맛735,만족도448,분위기230,서비스70,메뉴42,디저트가 맛있어요,커피가 맛있어요,인테리어가 멋져요,특별한 메뉴가 있어요,음료가 맛있어요,라떼28
히포,1174025294,커피115,토스트100,프렌치토스트67,파스타56,맛479,만족도444,분위기177,서비스110,메뉴44,인테리어가 멋져요,친절해요,특별한 메뉴가 있어요,음식이 맛있어요,매장이 청결해요,치즈48
수크레크레페하우스,1299065898,크레페69,치즈16,커피7,아이스크림6,맛88,만족도70,서비스30,분위기18,음식량10,특별한 메뉴가 있어요,인테리어가 멋져요,친절해요,디저트가 맛있어요,음식이 맛있어요,뱅쇼4
씨스루,1798970075,커피433,라떼143,크로플110,쿠키58,"맛1,201","만족도1,116",분위기483,서비스283,메뉴117,디저트가 맛있어요,커피가 맛있어요,특별한 메뉴가 있어요,음료가 맛있어요,친절해요,아이스크림37
땡스오트 연남,1435646824,요거트141,그릭요거트53,샌드위치43,치즈16,맛282,만족도170,분위기39,서비스37,음식량22,디저트가 맛있어요,특별한 메뉴가 있어요,인테리어가 멋져요,친절해요,매장이 청결해요,연어14
피프에스프레소바,1241444193,커피82,에스프레소59,티라미수11,크로플9,맛110,만족도86,분위기26,서비스17,메뉴9,커피가 맛있어요,인테리어가 멋져요,디저트가 맛있어요,특별한 메뉴가 있어요,친절해요,얼그레이3
모투누이,1927432324,라떼142,브라우니99,쿠키81,티라미수79,맛610,만족도484,서비스153,분위기149,메뉴36,디저트가 맛있어요,특별한 메뉴가 있어요,친절해요,음료가 맛있어요,커피가 맛있어요,쑥라떼76
블루보틀 연남 카페,1220314330,커피6,라떼2,아이스크림1,,커피6,라떼2,아이스크림1,만족도10,맛10,커피가 맛있어요,친절해요,인테리어가 멋져요,매장이 청결해요,뷰가 좋아요,
달콤다정,1104888425,타르트159,레몬타르트123,스콘75,밀크티57,맛518,만족도425,서비스156,분위기130,메뉴79,디저트가 맛있어요,인테리어가 멋져요,친절해요,음료가 맛있어요,특별한 메뉴가 있어요,샌드위치51
리틀빅토리,1081294843,까눌레212,휘낭시에106,마카롱105,마들렌48,맛359,만족도170,서비스60,목적19,가격6,디저트가 맛있어요,친절해요,특별한 메뉴가 있어요,빵이 맛있어요,매장이 청결해요,구움과자34
페블스,1818853219,푸딩101,치즈14,커피10,아이스크림10,맛111,만족도49,대기시간10,분위기7,서비스7,디저트가 맛있어요,특별한 메뉴가 있어요,음료가 맛있어요,친절해요,커피가 맛있어요,커스터드8
MIDNIGHT PLEASURE,32891199,와인18,까눌레6,케이크3,얼그레이3,맛34,만족도26,서비스11,가격4,목적4,디저트가 맛있어요,친절해요,특별한 메뉴가 있어요,인테리어가 멋져요,매장이 청결해요,휘낭시에2
SOP,1147665990,커피64,케이크23,치즈14,치즈케이크11,맛118,만족도89,분위기33,서비스24,메뉴16,커피가 맛있어요,디저트가 맛있어요,인테리어가 멋져요,음료가 맛있어요,친절해요,라떼10
올웨이즈어거스트 제작소,1853353265,커피33,라떼7,케이크4,컵케이크3,맛41,만족도33,분위기11,서비스10,위치4,커피가 맛있어요,디저트가 맛있어요,친절해요,인테리어가 멋져요,매장이 청결해요,몽블랑2
맥코이 연남,1567157005,커피179,라떼21,티라미수18,아메리카노9,맛190,만족도117,분위기68,서비스19,메뉴3,커피가 맛있어요,인테리어가 멋져요,친절해요,음료가 맛있어요,사진이 잘 나와요,베이글7
오흐뒤구떼,1434341556,구움과자6,마들렌5,휘낭시에3,초코쿠키1,맛12,만족도8,서비스3,예약1,분위기1,빵이 맛있어요,친절해요,특별한 메뉴가 있어요,인테리어가 멋져요,매장이 청결해요,비스코티1
에스프레소 부티크,38548704,커피38,에스프레소14,밀크티5,크로플3,만족도48,맛42,분위기18,서비스11,메뉴8,커피가 맛있어요,인테리어가 멋져요,매장이 청결해요,음료가 맛있어요,친절해요,라떼2
멜팅오브,1218794011,파르페64,케이크57,커피48,치즈29,만족도158,맛157,분위기56,메뉴19,목적16,디저트가 맛있어요,인테리어가 멋져요,특별한 메뉴가 있어요,사진이 잘 나와요,커피가 맛있어요,팡도르27
턴다운서비스,1377545270,커피64,라떼22,아이스크림13,치즈8,만족도111,맛100,분위기70,서비스18,메뉴10,커피가 맛있어요,인테리어가 멋져요,디저트가 맛있어요,음악이 좋아요,음료가 맛있어요,케이크8
코리코카페,1010873065,케이크346,커피263,타르트195,팬케이크127,"만족도3,021","맛1,994",분위기923,서비스235,메뉴108,인테리어가 멋져요,사진이 잘 나와요,특별한 메뉴가 있어요,디저트가 맛있어요,친절해요,라떼89
라헬의부엌 연남점,1664294602,수플레126,케이크33,커피24,팬케이크24,맛165,만족도114,분위기27,서비스25,메뉴11,디저트가 맛있어요,인테리어가 멋져요,커피가 맛있어요,특별한 메뉴가 있어요,음료가 맛있어요,수플레팬케이크13
콩카페 연남점,1521760712,커피136,스무디69,코코넛스무디51,연유커피24,맛218,만족도165,분위기38,서비스21,음식량3,커피가 맛있어요,음료가 맛있어요,특별한 메뉴가 있어요,인테리어가 멋져요,대화하기 좋아요,코코넛커피22
더파이샵,1016126841,푸딩46,커피24,치즈7,약과5,맛125,만족도81,분위기14,서비스13,목적6,디저트가 맛있어요,특별한 메뉴가 있어요,커피가 맛있어요,친절해요,음료가 맛있어요,라떼4
목화씨라운지,1211710717,푸딩169,커피55,케이크17,치즈15,맛187,만족도131,분위기41,서비스22,음식량7,디저트가 맛있어요,인테리어가 멋져요,커피가 맛있어요,친절해요,특별한 메뉴가 있어요,치즈케이크13
Deweet,37769447,커피29,케이크26,밀크티8,까눌레6,맛142,만족도85,분위기28,서비스26,가격10,디저트가 맛있어요,친절해요,커피가 맛있어요,음료가 맛있어요,인테리어가 멋져요,아인슈페너6
포포민즈낫띵,1160848046,커피12,휘낭시에12,옥수수9,구움과자7,맛86,만족도70,서비스24,목적6,분위기4,디저트가 맛있어요,특별한 메뉴가 있어요,친절해요,커피가 맛있어요,인테리어가 멋져요,케이크7
펠른 연남,1199972298,커피49,라떼14,에스프레소14,케이크5,맛66,만족도66,분위기19,서비스19,메뉴7,커피가 맛있어요,디저트가 맛있어요,친절해요,특별한 메뉴가 있어요,음료가 맛있어요,마들렌5
피에트라,1741866041,젤라또83,아이스크림28,초콜릿11,막걸리11,맛142,만족도98,서비스27,분위기12,가격5,디저트가 맛있어요,특별한 메뉴가 있어요,매장이 청결해요,친절해요,인테리어가 멋져요,치즈6
코이크,1072884158,케이크167,커피34,치즈27,치즈케이크24,맛201,만족도136,분위기33,서비스28,목적4,디저트가 맛있어요,커피가 맛있어요,특별한 메뉴가 있어요,인테리어가 멋져요,음료가 맛있어요,라떼12
소하염전 연남,1149762141,소금빵97,커피24,우유15,치즈7,맛102,만족도64,분위기24,서비스14,메뉴4,디저트가 맛있어요,인테리어가 멋져요,커피가 맛있어요,특별한 메뉴가 있어요,사진이 잘 나와요,크림치즈5
연트럴다방,1145635183,스콘79,커피69,라떼45,약과30,만족도200,맛193,서비스104,분위기74,메뉴16,커피가 맛있어요,디저트가 맛있어요,친절해요,음료가 맛있어요,인테리어가 멋져요,토스트26
매일 카페,1597752999,커피42,라떼19,밀크티18,푸딩14,만족도165,맛158,분위기97,서비스58,메뉴26,친절해요,디저트가 맛있어요,인테리어가 멋져요,커피가 맛있어요,음료가 맛있어요,케이크13
위트앤척클,1927900521,아이스크림19,쿠키9,쉐이크5,밀크쉐이크5,맛19,만족도19,서비스7,분위기5,청결도1,디저트가 맛있어요,특별한 메뉴가 있어요,인테리어가 멋져요,친절해요,사진이 잘 나와요,바닐라아이스크림3
폴리스팬케이크,36399494,케이크56,팬케이크55,아이스크림19,커피14,맛96,만족도53,서비스19,분위기12,메뉴9,디저트가 맛있어요,친절해요,커피가 맛있어요,특별한 메뉴가 있어요,인테리어가 멋져요,밀크티6
씨스터브레드,1227219807,소금빵61,식빵11,브레드5,바게트3,맛60,만족도29,서비스11,목적3,분위기2,빵이 맛있어요,친절해요,특별한 메뉴가 있어요,매장이 청결해요,가성비가 좋아요,모닝빵2
어니스트팬케이크,1066853151,케이크298,팬케이크282,커피67,아이스크림37,맛435,만족도258,서비스217,분위기55,메뉴21,디저트가 맛있어요,친절해요,커피가 맛있어요,음료가 맛있어요,특별한 메뉴가 있어요,아메리카노26
사이드테이블,980307471,크로플255,커피247,아인슈페너69,에이드54,맛637,만족도508,분위기352,서비스178,메뉴49,디저트가 맛있어요,커피가 맛있어요,인테리어가 멋져요,음료가 맛있어요,친절해요,치즈50
미라지커피,1000639701,크로플177,커피80,라떼13,아이스티10,맛197,만족도164,분위기82,서비스77,메뉴9,디저트가 맛있어요,커피가 맛있어요,인테리어가 멋져요,음료가 맛있어요,친절해요,플랫화이트9
지구제과,1423603783,케이크36,얼그레이22,레몬케이크18,티라미수12,맛153,만족도80,서비스51,음식량3,메뉴3,빵이 맛있어요,특별한 메뉴가 있어요,친절해요,매장이 청결해요,인테리어가 멋져요,스콘10
롱베케이션,1630421798,푸딩348,라떼153,커피122,말차라떼117,맛674,만족도470,분위기232,서비스84,메뉴28,디저트가 맛있어요,인테리어가 멋져요,음료가 맛있어요,커피가 맛있어요,친절해요,녹차73
로프스페이스 연남,1049643176,커피53,크로플9,라떼8,에이드5,만족도79,맛69,분위기30,서비스18,메뉴4,인테리어가 멋져요,커피가 맛있어요,사진이 잘 나와요,친절해요,뷰가 좋아요,드립커피4
발트 본점,1264720945,크로플109,커피42,치즈40,라떼26,맛149,만족도98,분위기48,서비스26,메뉴12,인테리어가 멋져요,디저트가 맛있어요,커피가 맛있어요,사진이 잘 나와요,친절해요,브라운치즈크로플11
베란다컵케익,572367804,컵케이크36,케이크29,커피14,얼그레이4,맛84,만족도68,분위기20,서비스7,목적5,디저트가 맛있어요,커피가 맛있어요,인테리어가 멋져요,친절해요,특별한 메뉴가 있어요,아메리카노3
누크녹,1211536676,커피154,바질148,에이드114,치즈77,맛690,만족도527,분위기227,서비스222,메뉴31,디저트가 맛있어요,특별한 메뉴가 있어요,커피가 맛있어요,친절해요,음료가 맛있어요,크림치즈71
하프베이글,1860425869,베이글102,치즈26,크림치즈23,참치23,맛113,만족도75,서비스33,메뉴11,가격4,빵이 맛있어요,특별한 메뉴가 있어요,친절해요,매장이 청결해요,커피가 맛있어요,과일21
꿀넹쿠키 연남점,1074601786,쿠키478,푸딩105,약과81,커피68,맛518,만족도348,서비스91,메뉴63,목적46,빵이 맛있어요,특별한 메뉴가 있어요,친절해요,매장이 청결해요,커피가 맛있어요,스콘51
아꽁뜨,1487362172,휘낭시에51,커피30,타르트15,까눌레13,맛142,만족도71,서비스28,목적14,메뉴7,디저트가 맛있어요,특별한 메뉴가 있어요,친절해요,커피가 맛있어요,매장이 청결해요,라떼7
위아소울메이트,1775473845,커피49,케이크37,라떼16,쿠키15,맛186,만족도160,분위기83,서비스25,메뉴22,디저트가 맛있어요,인테리어가 멋져요,커피가 맛있어요,음료가 맛있어요,친절해요,빙수14
코코시에나 티오마카세,1528111556,홍차7,다식5,밀크티3,녹차3,만족도220,맛86,서비스73,분위기30,가격9,차가 맛있어요,친절해요,특별한 메뉴가 있어요,매장이 청결해요,디저트가 맛있어요,바질2
플루밍,1134813121,커피11,소금빵5,푸딩5,파르페4,맛27,만족도17,서비스8,분위기6,메뉴3,디저트가 맛있어요,커피가 맛있어요,친절해요,특별한 메뉴가 있어요,인테리어가 멋져요,라떼4
오피스오브,1287313328,흑임자38,커피12,라떼11,아이스크림9,맛70,만족도48,가격6,메뉴5,분위기5,디저트가 맛있어요,커피가 맛있어요,음료가 맛있어요,특별한 메뉴가 있어요,매장이 청결해요,휘낭시에6
플렘므,1556209064,수플레101,케이크30,커피27,크로플21,맛157,만족도114,분위기37,서비스30,메뉴12,디저트가 맛있어요,커피가 맛있어요,친절해요,음료가 맛있어요,인테리어가 멋져요,팬케이크20
원모어프로포즈,1746305819,케이크15,에이드11,커피9,치즈7,맛38,만족도25,분위기7,서비스3,메뉴1,디저트가 맛있어요,음료가 맛있어요,특별한 메뉴가 있어요,친절해요,커피가 맛있어요,치즈케이크6
유니크혼,1889887611,소라80,커피32,우유11,아메리카노8,맛158,만족도120,서비스46,분위기22,목적14,디저트가 맛있어요,친절해요,특별한 메뉴가 있어요,커피가 맛있어요,인테리어가 멋져요,샐러드7
무무대베이크,1522597367,푸딩40,케이크24,휘낭시에14,아이스크림7,맛68,만족도48,서비스20,목적5,분위기4,디저트가 맛있어요,특별한 메뉴가 있어요,친절해요,인테리어가 멋져요,매장이 청결해요,옥수수4
네시사분,1106273286,카스테라42,크로플31,라떼28,과일23,맛191,만족도125,서비스28,분위기24,가격10,디저트가 맛있어요,음료가 맛있어요,친절해요,특별한 메뉴가 있어요,커피가 맛있어요,커피16
스몰럭케이크,1549478324,케이크141,커피35,레터링케이크12,라떼12,맛180,만족도142,분위기43,서비스32,목적11,디저트가 맛있어요,인테리어가 멋져요,친절해요,커피가 맛있어요,음료가 맛있어요,초코케이크11
흐림,1934524936,케이크73,커피70,치즈66,치즈케이크61,맛212,만족도152,분위기88,서비스56,전망15,디저트가 맛있어요,커피가 맛있어요,음료가 맛있어요,인테리어가 멋져요,친절해요,라떼60
오랑지,1771873244,크로플66,밀크티38,커피36,푸딩21,서비스310,만족도274,맛273,분위기53,메뉴42,친절해요,디저트가 맛있어요,음료가 맛있어요,인테리어가 멋져요,커피가 맛있어요,라떼18
브래디스커피,1977021297,소금빵29,커피17,라떼10,에이드8,만족도61,맛55,분위기29,서비스28,음식량2,인테리어가 멋져요,커피가 맛있어요,사진이 잘 나와요,디저트가 맛있어요,친절해요,크림라떼4
커피냅로스터스 연남동,1014442289,커피60,라떼18,플랫화이트6,휘낭시에5,맛78,만족도60,분위기29,서비스10,메뉴4,커피가 맛있어요,인테리어가 멋져요,친절해요,사진이 잘 나와요,음료가 맛있어요,스콘3
디 아더,1316829967,칵테일18,와인11,커피7,치즈5,만족도96,분위기71,맛37,서비스10,목적6,인테리어가 멋져요,음료가 맛있어요,친절해요,특별한 메뉴가 있어요,사진이 잘 나와요,미숫가루2
코메아벨렘,1493254237,타르트74,에그타르트72,커피5,푸딩4,맛89,만족도36,서비스6,가격4,배달2,디저트가 맛있어요,특별한 메뉴가 있어요,친절해요,가성비가 좋아요,커피가 맛있어요,계란찜2
스트뉴,1579727038,커피49,치즈15,케이크14,티라미수14,만족도73,맛68,분위기27,서비스15,메뉴9,커피가 맛있어요,디저트가 맛있어요,친절해요,인테리어가 멋져요,매장이 청결해요,치즈케이크13
카페 만월회 그로서리마켓,1545596355,하이볼63,밀크티61,흑임자17,라떼15,맛227,만족도219,서비스204,메뉴67,목적56,음료가 맛있어요,친절해요,특별한 메뉴가 있어요,매장이 청결해요,디저트가 맛있어요,커피13
유니드마이요거트,34308583,요거트74,그릭요거트14,아이스크림12,요거트아이스크림9,맛72,만족도68,분위기20,서비스11,목적4,인테리어가 멋져요,디저트가 맛있어요,특별한 메뉴가 있어요,친절해요,사진이 잘 나와요,베이글6
누아즈데테,1097452079,커피5,스콘5,쿠키2,에이드2,맛12,만족도11,서비스4,분위기3,전망1,디저트가 맛있어요,인테리어가 멋져요,커피가 맛있어요,친절해요,특별한 메뉴가 있어요,마들렌1
이오엠,1916171533,커피23,토스트9,프렌치토스트8,에이드5,만족도40,맛34,분위기9,전망7,목적4,뷰가 좋아요,커피가 맛있어요,친절해요,인테리어가 멋져요,음료가 맛있어요,라떼5
녹온,1006125529,커피30,새우19,까눌레17,토스트17,맛137,만족도117,서비스37,분위기36,메뉴14,디저트가 맛있어요,커피가 맛있어요,인테리어가 멋져요,친절해요,음료가 맛있어요,샌드위치17
마들젠,1391453544,푸딩23,브라우니15,케이크14,타르트13,맛84,만족도55,서비스27,목적6,배달3,특별한 메뉴가 있어요,친절해요,빵이 맛있어요,매장이 청결해요,가성비가 좋아요,에그타르트13
앳더모먼트,1078186525,케이크64,커피28,치즈20,치즈케이크14,맛99,만족도71,서비스36,분위기24,목적5,디저트가 맛있어요,친절해요,커피가 맛있어요,인테리어가 멋져요,음료가 맛있어요,에이드8
서당개2년로스터스,1216509008,커피48,스콘17,라떼10,와인6,만족도105,맛73,분위기27,서비스10,메뉴3,커피가 맛있어요,뷰가 좋아요,집중하기 좋아요,음료가 맛있어요,인테리어가 멋져요,브라우니4
작은새,1265903235,,,,,만족도15,맛14,파스타3,분위기3,서비스2,특별한 메뉴가 있어요,친절해요,음식이 맛있어요,건강한 맛이에요,메뉴 구성이 알차요,
믜요,1782159268,강정5,양갱4,다식3,화과자2,만족도42,맛39,서비스16,분위기12,목적10,디저트가 맛있어요,특별한 메뉴가 있어요,친절해요,매장이 청결해요,음료가 맛있어요,약과1
모리노팡,1215736940,소금빵37,식빵23,야끼소바빵17,메론빵16,맛115,만족도64,서비스8,가격6,음식량4,빵이 맛있어요,특별한 메뉴가 있어요,친절해요,매장이 청결해요,인테리어가 멋져요,야끼소바12
레또르떼,35251819,케이크20,커피11,타르트6,딸기케이크5,맛42,만족도40,분위기13,서비스8,가격6,디저트가 맛있어요,커피가 맛있어요,인테리어가 멋져요,친절해요,음료가 맛있어요,몽블랑4
피스피스 연남점,1670095825,커피33,타르트6,애플파이5,블랙티5,맛89,만족도70,서비스27,분위기17,메뉴7,디저트가 맛있어요,커피가 맛있어요,친절해요,인테리어가 멋져요,매장이 청결해요,아메리카노3
카멜커피 9호점,1441318263,커피103,라떼8,앙버터7,아메리카노6,맛101,만족도81,분위기33,서비스18,대기시간9,커피가 맛있어요,인테리어가 멋져요,친절해요,음료가 맛있어요,특별한 메뉴가 있어요,마들렌5
대충유원지,1086377447,커피69,라떼13,크림브륄레10,아메리카노9,맛90,만족도80,분위기38,서비스20,가격4,커피가 맛있어요,인테리어가 멋져요,친절해요,음료가 맛있어요,디저트가 맛있어요,와인5
디그이지,1973645577,크림브륄레81,커피26,라떼10,얼그레이7,맛186,만족도103,서비스48,분위기18,목적9,디저트가 맛있어요,친절해요,특별한 메뉴가 있어요,커피가 맛있어요,음식이 맛있어요,에이드6
벌스데이투미,1763020097,쿠키19,케이크9,푸딩8,팬케이크7,만족도40,맛32,분위기9,목적4,서비스4,디저트가 맛있어요,인테리어가 멋져요,특별한 메뉴가 있어요,친절해요,사진이 잘 나와요,스모어쿠키4
SF bagels,37525977,베이글94,치즈25,크림치즈18,스콘16,맛117,만족도64,서비스23,가격4,메뉴2,빵이 맛있어요,친절해요,특별한 메뉴가 있어요,가성비가 좋아요,매장이 청결해요,당근케이크7
연남동그라미,1221839422,케이크8,컵케이크6,크림치즈1,치즈1,맛23,만족도11,가격3,서비스3,목적2,디저트가 맛있어요,친절해요,특별한 메뉴가 있어요,매장이 청결해요,커피가 맛있어요,초코브라우니1
푸치케,1680351950,푸딩29,휘낭시에16,소금빵9,커피7,맛35,만족도25,서비스6,메뉴6,분위기6,디저트가 맛있어요,커피가 맛있어요,특별한 메뉴가 있어요,친절해요,매장이 청결해요,메론빵4
스윗헤르츠,1445114882,푸딩44,케이크36,커피5,아이스크림5,맛80,만족도77,서비스12,분위기12,음식량5,디저트가 맛있어요,음료가 맛있어요,인테리어가 멋져요,친절해요,특별한 메뉴가 있어요,밀크티5
웨이즈커피 연남,1283663834,커피508,크로플139,티라미수69,라떼65,맛710,만족도461,분위기186,서비스150,메뉴64,커피가 맛있어요,매장이 청결해요,디저트가 맛있어요,친절해요,인테리어가 멋져요,치즈46
긱스 연남점,1992955163,커피61,에스프레소22,케이크9,라떼5,만족도97,맛73,분위기37,서비스18,메뉴11,커피가 맛있어요,디저트가 맛있어요,인테리어가 멋져요,친절해요,음료가 맛있어요,아메리카노4
88파운드,1546544014,파운드케이크33,케이크28,스콘25,커피16,맛122,만족도67,서비스35,분위기11,가격7,빵이 맛있어요,친절해요,인테리어가 멋져요,특별한 메뉴가 있어요,가성비가 좋아요,쿠키14
슈타데,1683008236,바나나푸딩3,푸딩3,토스트1,프렌치토스트1,바나나푸딩3,푸딩3,토스트1,프렌치토스트1,캐모마일1,인테리어가 멋져요,커피가 맛있어요,디저트가 맛있어요,사진이 잘 나와요,친절해요,캐모마일1
휘퍼스,1251407905,케이크30,컵케이크27,커피20,도넛13,맛141,만족도87,서비스41,목적14,분위기8,디저트가 맛있어요,친절해요,특별한 메뉴가 있어요,인테리어가 멋져요,매장이 청결해요,치즈11
커비스컵케이크,1778087184,컵케이크118,케이크114,커피16,라떼7,맛162,만족도139,서비스49,분위기40,목적18,친절해요,디저트가 맛있어요,특별한 메뉴가 있어요,매장이 청결해요,인테리어가 멋져요,아메리카노5
알버트파크,1323961635,케이크52,커피23,스콘21,쿠키9,맛116,만족도80,서비스45,목적6,분위기4,디저트가 맛있어요,친절해요,특별한 메뉴가 있어요,커피가 맛있어요,매장이 청결해요,라떼9
연남살롱,20593600,빙수105,푸딩31,팥빙수17,밀크티16,맛160,만족도84,메뉴21,서비스17,분위기8,디저트가 맛있어요,특별한 메뉴가 있어요,친절해요,매장이 청결해요,커피가 맛있어요,밀크티빙수16
게슈탈트 커피,1083112932,커피41,크로플13,라떼11,다쿠아즈9,맛72,만족도54,분위기22,서비스4,메뉴3,커피가 맛있어요,디저트가 맛있어요,인테리어가 멋져요,사진이 잘 나와요,대화하기 좋아요,초콜릿3
아트스뉴욕 연남점,1532916769,커피41,라떼31,베이글26,아인슈페너25,맛83,만족도75,분위기49,서비스37,메뉴8,커피가 맛있어요,인테리어가 멋져요,친절해요,디저트가 맛있어요,사진이 잘 나와요,티라미수17
멜티드,1326124851,젤라또96,아이스크림40,바질32,케이크9,맛134,만족도109,서비스69,분위기17,메뉴9,디저트가 맛있어요,친절해요,특별한 메뉴가 있어요,인테리어가 멋져요,매장이 청결해요,얼그레이9
스윗미업,1408361299,케이크126,레터링케이크28,주문제작케이크5,치즈5,만족도216,서비스107,목적57,맛55,가격6,친절해요,디저트가 맛있어요,선물하기 좋아요,매장이 청결해요,특별한 메뉴가 있어요,크림치즈4
라온디,20502605,초콜릿48,수제초콜릿18,마카롱4,수제마카롱2,목적45,맛33,만족도33,서비스8,예약2,특별한 메뉴가 있어요,디저트가 맛있어요,선물하기 좋아요,친절해요,매장이 청결해요,와인1
그림제작소 연남점,1406853822,,,,,서비스554,만족도118,분위기41,편의・부대시설29,맛17,친절해요,인테리어가 멋져요,사진이 잘 나와요,매장이 청결해요,집중하기 좋아요,
솔트 포레스트,1868894168,커피64,소금커피25,휘낭시에20,얼그레이18,맛108,만족도63,분위기31,서비스20,메뉴7,커피가 맛있어요,디저트가 맛있어요,친절해요,인테리어가 멋져요,음료가 맛있어요,라떼7
온오프연남,1490185987,커피21,치즈12,라떼12,흑임자11,맛56,만족도53,서비스23,분위기12,메뉴6,디저트가 맛있어요,커피가 맛있어요,친절해요,매장이 청결해요,음료가 맛있어요,케이크9
카페밀노,1848999744,커피33,휘낭시에26,티라미수24,치즈22,맛150,만족도91,분위기33,서비스31,메뉴7,디저트가 맛있어요,커피가 맛있어요,친절해요,음료가 맛있어요,매장이 청결해요,케이크16
Osds 연남,1388641559,커피10,라떼2,치즈케이크1,케이크1,만족도20,맛16,분위기8,서비스3,목적1,커피가 맛있어요,디저트가 맛있어요,인테리어가 멋져요,친절해요,사진이 잘 나와요,에스프레소1
김보람 초콜릿 연남점,148650743,초콜릿281,생초콜릿98,얼그레이33,헤이즐넛16,맛606,만족도362,서비스249,목적221,가격20,디저트가 맛있어요,친절해요,선물하기 좋아요,매장이 청결해요,특별한 메뉴가 있어요,수제초콜릿12
더세컨드하우스,1154933297,커피40,티라미수37,라떼29,아몬드크림라떼22,맛77,만족도73,분위기47,서비스37,메뉴9,커피가 맛있어요,디저트가 맛있어요,음료가 맛있어요,인테리어가 멋져요,친절해요,크림라떼22
모어쿠키,1083276741,쿠키310,치즈38,커피32,크림치즈31,맛363,만족도213,서비스49,목적43,메뉴24,디저트가 맛있어요,친절해요,특별한 메뉴가 있어요,매장이 청결해요,커피가 맛있어요,얼그레이16
벨라쿠키 연남,1583720553,쿠키93,크림치즈4,치즈4,얼그레이4,맛136,만족도66,목적11,서비스10,가격6,빵이 맛있어요,특별한 메뉴가 있어요,친절해요,매장이 청결해요,인테리어가 멋져요,우유4
카페하이웨스트 연남점,774846660,스콘14,케이크9,얼그레이6,커피5,맛50,만족도37,분위기17,서비스13,가격5,디저트가 맛있어요,커피가 맛있어요,친절해요,특별한 메뉴가 있어요,인테리어가 멋져요,토스트5
퀸넬브릴,1335831575,커피15,타르트4,라떼4,젤리3,만족도40,맛33,분위기11,메뉴4,가격4,특별한 메뉴가 있어요,디저트가 맛있어요,커피가 맛있어요,인테리어가 멋져요,대화하기 좋아요,밀크티2
코발트무드,1120900262,케이크19,커피6,치즈케이크2,치즈2,만족도33,맛30,분위기18,서비스6,메뉴3,커피가 맛있어요,음료가 맛있어요,인테리어가 멋져요,디저트가 맛있어요,친절해요,아메리카노2
케익다방 연남점,1326436574,케이크89,커피16,얼그레이7,레터링케이크6,만족도133,맛67,서비스55,목적35,분위기27,친절해요,디저트가 맛있어요,인테리어가 멋져요,사진이 잘 나와요,특별한 날 가기 좋아요,도시락5
가스프,1101866071,치즈18,커피16,케이크14,치즈케이크14,맛56,만족도36,분위기21,메뉴14,서비스13,디저트가 맛있어요,커피가 맛있어요,음료가 맛있어요,인테리어가 멋져요,친절해요,밀크티13
딥스,1436790902,몽블랑55,타르트37,커피28,휘낭시에17,맛156,만족도116,분위기66,서비스45,메뉴12,디저트가 맛있어요,커피가 맛있어요,친절해요,인테리어가 멋져요,특별한 메뉴가 있어요,까눌레15
레끌라,20399944,피칸파이46,타르트6,커피6,초콜릿4,맛92,만족도67,목적43,서비스30,예약3,디저트가 맛있어요,친절해요,빵이 맛있어요,매장이 청결해요,특별한 메뉴가 있어요,케이크3
렌테,1655304233,마카롱47,까눌레36,휘낭시에14,마들렌4,맛67,만족도43,서비스42,목적9,가격2,디저트가 맛있어요,친절해요,특별한 메뉴가 있어요,매장이 청결해요,가성비가 좋아요,초콜릿3
니어바이카페,1659406560,밀크티1,타로밀크티1,커피1,,밀크티1,타로밀크티1,커피1,맛2,메뉴1,,,,,,
카페 드 래빗,1101444848,커피76,와인18,라떼17,휘낭시에16,만족도218,맛190,분위기108,전망28,서비스24,커피가 맛있어요,인테리어가 멋져요,음료가 맛있어요,디저트가 맛있어요,뷰가 좋아요,티라미수7
보통공간,1633756880,휘낭시에65,까눌레44,타르트24,에그타르트22,맛125,만족도99,서비스41,목적8,위치6,디저트가 맛있어요,친절해요,특별한 메뉴가 있어요,매장이 청결해요,커피가 맛있어요,구움과자21
카페 시즈닝즈,1456524257,커피48,요거트36,크로플31,그릭요거트16,맛127,만족도99,분위기44,서비스40,메뉴5,디저트가 맛있어요,음료가 맛있어요,친절해요,인테리어가 멋져요,커피가 맛있어요,치즈13
아사프,1648168847,커피43,라떼27,아이스크림10,아이스크림라떼10,맛87,만족도66,서비스34,분위기31,메뉴7,커피가 맛있어요,디저트가 맛있어요,인테리어가 멋져요,친절해요,음료가 맛있어요,케이크6
카페 시월,1629572077,커피8,라떼6,에이드4,토스트2,맛21,만족도18,서비스4,분위기4,가격2,커피가 맛있어요,친절해요,매장이 청결해요,인테리어가 멋져요,음료가 맛있어요,요거트2
해피니스인어데이,1459531604,쿠키42,커피19,케이크13,치즈8,맛93,만족도51,서비스33,분위기19,메뉴2,디저트가 맛있어요,친절해요,커피가 맛있어요,음료가 맛있어요,인테리어가 멋져요,스콘5
ttotto cuisine,1903102636,커피38,갈레트21,핸드드립16,드립커피15,맛45,만족도42,서비스23,분위기21,메뉴10,커피가 맛있어요,디저트가 맛있어요,인테리어가 멋져요,특별한 메뉴가 있어요,친절해요,아인슈페너4
아민 위샐러듀다이닝,1775967927,뱅쇼209,샐러드191,와인74,라떼61,"맛1,908","만족도1,467",서비스793,음식량408,분위기400,음식이 맛있어요,특별한 메뉴가 있어요,재료가 신선해요,친절해요,인테리어가 멋져요,딸기라떼56
올루 에스프레소바,1161916340,에스프레소71,커피67,콘파냐5,크로플4,맛123,만족도82,서비스47,분위기23,가격10,커피가 맛있어요,친절해요,인테리어가 멋져요,특별한 메뉴가 있어요,음료가 맛있어요,아메리카노3
아이니드케이크 연남점,1827448906,케이크21,젤리20,에이드19,파르페3,만족도86,맛74,서비스31,분위기24,청결도2,음료가 맛있어요,친절해요,사진이 잘 나와요,특별한 메뉴가 있어요,디저트가 맛있어요,커피2
라프하우스,1099092209,커피59,라떼26,케이크20,에이드13,맛153,만족도119,분위기40,서비스36,목적8,디저트가 맛있어요,커피가 맛있어요,친절해요,특별한 메뉴가 있어요,인테리어가 멋져요,아몬드크림라떼9
페브,1355434470,에끌레어77,커피19,에이드9,밀크티9,맛135,만족도82,분위기15,메뉴12,서비스10,디저트가 맛있어요,특별한 메뉴가 있어요,음료가 맛있어요,친절해요,매장이 청결해요,아메리카노5
해피벌스데이,1613056335,케이크2,라떼1,초코라떼1,치즈케이크1,케이크2,라떼1,초코라떼1,치즈케이크1,치즈1,디저트가 맛있어요,커피가 맛있어요,음료가 맛있어요,친절해요,인테리어가 멋져요,치즈1
연남동벚꽃집,1929468102,커피91,라떼22,옥수수21,에이드19,맛371,만족도311,분위기152,서비스62,메뉴17,디저트가 맛있어요,커피가 맛있어요,인테리어가 멋져요,친절해요,음료가 맛있어요,수박주스16
데얼커피,1601413537,커피36,티라미수28,쿠키16,우유5,맛90,만족도73,분위기16,서비스8,메뉴5,커피가 맛있어요,디저트가 맛있어요,친절해요,인테리어가 멋져요,음료가 맛있어요,케이크5
버우드,1198311937,파스타43,에그베네딕트43,커피26,토스트22,맛262,만족도196,분위기72,서비스53,음식량18,음식이 맛있어요,친절해요,재료가 신선해요,인테리어가 멋져요,특별한 메뉴가 있어요,프렌치토스트21
언페어피스,1005400817,커피15,애플파이4,브라우니4,아메리카노3,맛41,만족도30,메뉴6,분위기4,서비스3,디저트가 맛있어요,인테리어가 멋져요,커피가 맛있어요,사진이 잘 나와요,특별한 메뉴가 있어요,타르트3
위치앤그레텔,1444446731,바나나푸딩9,푸딩9,소금빵8,커피8,맛25,만족도21,서비스15,분위기8,목적3,디저트가 맛있어요,인테리어가 멋져요,친절해요,특별한 메뉴가 있어요,커피가 맛있어요,케이크6
채널오렌지,1578856927,커피9,케이크7,치즈4,치즈케이크4,만족도38,맛26,분위기14,서비스9,목적2,인테리어가 멋져요,디저트가 맛있어요,친절해요,커피가 맛있어요,사진이 잘 나와요,쿠키4
테이블 연남,1464754624,까눌레238,커피91,쿠키72,케이크67,맛457,만족도313,서비스145,분위기133,메뉴17,디저트가 맛있어요,친절해요,커피가 맛있어요,음료가 맛있어요,인테리어가 멋져요,치즈66
봄브레드,1600748860,포카치아32,케이크24,브레드10,치즈7,맛70,만족도37,서비스30,메뉴4,음식량3,빵이 맛있어요,친절해요,특별한 메뉴가 있어요,디저트가 맛있어요,메뉴 구성이 알차요,바질3
연남동 심리카페,38462955,,,,,서비스90,예약7,편의・부대시설6,위치6,가격5,친절해요,대화하기 좋아요,집중하기 좋아요,컨셉이 독특해요,좌석이 편해요,
궤도 연남,1700345670,커피45,에스프레소8,라떼6,아이스크림2,맛59,만족도41,서비스19,분위기9,가격4,커피가 맛있어요,인테리어가 멋져요,친절해요,특별한 메뉴가 있어요,디저트가 맛있어요,아메리카노2
루바브,1124107346,파스타25,와인10,케이크9,팬케이크9,맛78,만족도63,서비스23,분위기8,메뉴7,음식이 맛있어요,친절해요,특별한 메뉴가 있어요,재료가 신선해요,인테리어가 멋져요,커피7
로즈베리모어,1554926306,케이크16,도시락3,도시락케이크3,레터링케이크2,만족도22,맛18,목적4,서비스4,예약2,디저트가 맛있어요,친절해요,특별한 메뉴가 있어요,인테리어가 멋져요,사진이 잘 나와요,치즈2
세빠띠,1569055913,까눌레9,커피8,마들렌7,케이크3,맛34,만족도22,서비스4,목적3,분위기2,디저트가 맛있어요,특별한 메뉴가 있어요,커피가 맛있어요,매장이 청결해요,친절해요,휘낭시에3
탕후루Hub,1592701591,,,,,맛20,만족도12,과일8,음식량3,전망2,디저트가 맛있어요,가성비가 좋아요,특별한 메뉴가 있어요,친절해요,뷰가 좋아요,
온플리크,1859611046,크로플26,커피16,아이스크림10,라떼10,맛57,만족도41,서비스25,분위기12,메뉴2,디저트가 맛있어요,음료가 맛있어요,커피가 맛있어요,인테리어가 멋져요,친절해요,티라미수8
모닐이네하우스,1650174352,쿠키24,케이크16,소금빵12,모찌10,맛125,만족도93,서비스22,메뉴10,분위기4,빵이 맛있어요,특별한 메뉴가 있어요,친절해요,매장이 청결해요,인테리어가 멋져요,스콘9
필로앤소피아,1264736869,다식15,녹차5,양갱3,안심1,만족도57,서비스27,맛27,분위기8,예약3,차가 맛있어요,친절해요,인테리어가 멋져요,특별한 메뉴가 있어요,매장이 청결해요,맥주1
어나더쉐어,1215536436,커피30,케이크8,쿠키8,치즈케이크7,맛61,만족도39,서비스22,분위기15,메뉴3,커피가 맛있어요,친절해요,디저트가 맛있어요,매장이 청결해요,대화하기 좋아요,치즈6
메리고라운드 연남점,1157056771,케이크59,커피53,컵케이크31,라떼26,맛235,만족도209,서비스104,분위기70,메뉴9,디저트가 맛있어요,친절해요,인테리어가 멋져요,음료가 맛있어요,매장이 청결해요,타르트14
프롬헤라스 연남,1604895392,커피63,드립백3,드립커피3,우유3,만족도62,맛55,서비스34,목적5,메뉴5,커피가 맛있어요,친절해요,특별한 메뉴가 있어요,인테리어가 멋져요,매장이 청결해요,브루잉커피2
포스트 케이크,36350986,케이크360,치즈29,크림치즈28,레터링케이크19,만족도473,맛248,서비스237,목적148,분위기13,친절해요,디저트가 맛있어요,선물하기 좋아요,주문제작을 잘해줘요,특별한 메뉴가 있어요,주문제작케이크13
로제드미네,1903137270,와인29,파스타5,타르트4,로제떡볶이3,만족도41,맛34,서비스25,분위기10,메뉴2,음식이 맛있어요,인테리어가 멋져요,친절해요,술이 다양해요,특별한 메뉴가 있어요,떡볶이3
프리즘연남,1018238643,크로플40,와플40,와인21,커피21,만족도120,맛112,분위기46,서비스31,메뉴17,디저트가 맛있어요,인테리어가 멋져요,음료가 맛있어요,커피가 맛있어요,매장이 청결해요,아이스크림12
무유무유,1636448566,커피7,라떼1,바닐라빈라떼1,,커피7,라떼1,바닐라빈라떼1,만족도76,맛11,친절해요,매장이 청결해요,인테리어가 멋져요,커피가 맛있어요,디저트가 맛있어요,
지구샵 제로웨이스트홈,1106156821,쿠키1,케이크1,당근케이크1,브레드1,만족도85,서비스16,가격8,맛6,목적3,친절해요,매장이 청결해요,인테리어가 멋져요,특별한 메뉴가 있어요,빵이 맛있어요,에그타르트1
오테라부띠끄,1029465285,마카롱47,커피39,쿠키7,라떼4,맛94,만족도59,서비스45,분위기17,목적9,친절해요,매장이 청결해요,커피가 맛있어요,특별한 메뉴가 있어요,음료가 맛있어요,초콜릿2
카페 세화,1464978463,,,,,서비스6,맛6,만족도5,편의・부대시설2,분위기1,음료가 맛있어요,친절해요,인테리어가 멋져요,매장이 청결해요,커피가 맛있어요,
얀 yawn,1503395641,크로플11,커피9,아이스크림6,밀크티5,맛48,만족도44,서비스21,분위기17,메뉴7,커피가 맛있어요,디저트가 맛있어요,음료가 맛있어요,친절해요,대화하기 좋아요,흑임자4
카페 어쿠스틱,1384520629,커피19,라떼9,티라미수6,에이드6,만족도54,맛45,분위기21,서비스19,가격5,커피가 맛있어요,친절해요,음료가 맛있어요,대화하기 좋아요,디저트가 맛있어요,하이볼5
판초,1530993164,토스트20,프렌치토스트15,샌드위치14,얼그레이13,맛49,만족도48,서비스29,분위기11,메뉴7,친절해요,음식이 맛있어요,인테리어가 멋져요,재료가 신선해요,매장이 청결해요,커피7
쥬리스 크림하우스,1840055599,푸딩4,커피1,과일1,,푸딩4,커피1,과일1,맛6,만족도6,,,,,,
로스팅마스터즈 연남점,1134232001,초콜릿17,커피17,라떼5,초코라떼2,맛44,만족도23,서비스15,가격5,메뉴3,커피가 맛있어요,특별한 메뉴가 있어요,음료가 맛있어요,친절해요,매장이 청결해요,아메리카노2
오랑제뜨22,1695706659,타르트14,크로플9,커피9,라떼7,만족도63,맛55,서비스23,분위기14,가격6,디저트가 맛있어요,인테리어가 멋져요,친절해요,커피가 맛있어요,음료가 맛있어요,과일4
유메이크쿠키,1865813471,쿠키20,소금빵9,커피5,치즈4,맛22,만족도18,서비스11,메뉴3,위치2,디저트가 맛있어요,특별한 메뉴가 있어요,친절해요,인테리어가 멋져요,커피가 맛있어요,케이크4
왓어버터,1060478054,잠봉뵈르95,커피65,샌드위치22,토스트20,맛243,만족도204,서비스62,분위기33,메뉴24,인테리어가 멋져요,특별한 메뉴가 있어요,디저트가 맛있어요,친절해요,커피가 맛있어요,라떼19
아트클로버,1725457871,,,,,서비스11,맛8,분위기6,만족도6,즐길거리4,인테리어가 멋져요,커피가 맛있어요,친절해요,사진이 잘 나와요,매장이 청결해요,
그루비,1905198544,커피15,라떼5,케이크3,에이드2,맛28,만족도24,분위기14,서비스7,목적1,커피가 맛있어요,음료가 맛있어요,친절해요,집중하기 좋아요,디저트가 맛있어요,자몽에이드2
르프레,1995454973,마들렌5,커피5,휘낭시에4,케이크3,맛24,만족도15,서비스6,목적2,분위기1,디저트가 맛있어요,친절해요,매장이 청결해요,커피가 맛있어요,인테리어가 멋져요,구움과자2
낫낫커피,1377936012,커피47,라떼13,에스프레소9,아메리카노5,맛82,만족도51,서비스43,분위기11,위치6,커피가 맛있어요,친절해요,음료가 맛있어요,매장이 청결해요,가성비가 좋아요,스콘4
키레네도시21C,1788613753,커피8,라떼3,딸기타르트2,타르트2,만족도28,맛23,분위기17,서비스10,위치3,친절해요,디저트가 맛있어요,커피가 맛있어요,인테리어가 멋져요,음료가 맛있어요,수제케이크2
히피리피,1447869730,케이크273,팬케이크246,커피94,젤라또76,맛644,만족도396,분위기150,서비스58,메뉴29,디저트가 맛있어요,인테리어가 멋져요,친절해요,특별한 메뉴가 있어요,음료가 맛있어요,크림브륄레48
연남허니밀크,1737627220,휘낭시에10,마들렌6,커피3,치즈3,맛33,만족도17,서비스9,목적5,가격1,디저트가 맛있어요,친절해요,매장이 청결해요,특별한 메뉴가 있어요,인테리어가 멋져요,레몬마들렌2
지구샵 그로서리,1711774623,샌드위치5,카레2,파스타2,요거트2,만족도28,맛20,메뉴4,목적3,서비스2,친절해요,매장이 청결해요,특별한 메뉴가 있어요,디저트가 맛있어요,인테리어가 멋져요,치즈2
프롬라떼 연남,1662756398,커피42,라떼20,크로플17,에이드13,맛89,만족도51,서비스18,분위기15,메뉴4,커피가 맛있어요,음료가 맛있어요,친절해요,디저트가 맛있어요,매장이 청결해요,치즈7
플루프커피,1884084183,케이크33,커피30,크로플19,스콘12,맛101,만족도76,서비스34,분위기20,메뉴7,디저트가 맛있어요,커피가 맛있어요,친절해요,인테리어가 멋져요,음료가 맛있어요,치즈6
카페 롤다운,1167415138,커피77,라떼55,샌드위치32,스콘30,맛128,만족도126,분위기58,서비스41,메뉴3,커피가 맛있어요,디저트가 맛있어요,친절해요,음료가 맛있어요,매장이 청결해요,크림라떼30
바람커피원두상점,1925392971,,,,,커피5,맛4,만족도3,핸드드립1,목적1,커피가 맛있어요,특별한 메뉴가 있어요,대화하기 좋아요,인테리어가 멋져요,친절해요,
프롬딥그린,1199734266,휘낭시에41,마들렌29,타르트18,고르곤졸라14,맛69,만족도35,서비스19,메뉴4,분위기3,디저트가 맛있어요,친절해요,특별한 메뉴가 있어요,매장이 청결해요,커피가 맛있어요,에그타르트12
카페테틈,1205351110,케이크14,밀크티13,커피13,라떼11,만족도103,맛58,메뉴16,서비스11,분위기10,인테리어가 멋져요,디저트가 맛있어요,친절해요,커피가 맛있어요,음료가 맛있어요,팬케이크6
카페테드,1658837486,커피23,라떼6,밀크티5,케이크5,만족도40,맛34,분위기11,메뉴7,서비스5,커피가 맛있어요,뷰가 좋아요,음료가 맛있어요,디저트가 맛있어요,친절해요,당근케이크2
바우 오마카세,1251739829,커피30,밀크티12,위스키5,더치커피5,맛27,만족도25,메뉴13,서비스10,분위기7,커피가 맛있어요,특별한 메뉴가 있어요,인테리어가 멋져요,친절해요,음료가 맛있어요,와인2
일련 로스터스,1489881877,커피22,타르트5,초코타르트5,아메리카노4,맛31,만족도25,서비스11,분위기4,메뉴4,커피가 맛있어요,친절해요,디저트가 맛있어요,뷰가 좋아요,음료가 맛있어요,에이드3
츄르릅,1623011798,스콘7,쿠키7,구겔호프3,까눌레3,맛44,만족도34,서비스13,목적3,메뉴1,디저트가 맛있어요,친절해요,특별한 메뉴가 있어요,인테리어가 멋져요,매장이 청결해요,구움과자3
러프글로스,1113794499,커피21,아메리카노3,필터커피3,에이드2,만족도54,맛21,분위기18,서비스4,메뉴2,인테리어가 멋져요,커피가 맛있어요,친절해요,사진이 잘 나와요,대화하기 좋아요,라떼2
슬리핑포레스트,508668545,커피23,라떼13,에이드5,케이크3,맛56,만족도49,서비스23,분위기10,목적3,커피가 맛있어요,친절해요,음료가 맛있어요,대화하기 좋아요,디저트가 맛있어요,크림라떼2
썸모어델리,1669511347,토스트19,프렌치토스트17,크림치즈12,치즈12,맛93,만족도70,서비스20,분위기15,메뉴5,음식이 맛있어요,특별한 메뉴가 있어요,친절해요,재료가 신선해요,인테리어가 멋져요,라자냐10
윤태익 다르다 심리카페,1855034009,,,,,서비스159,예약16,가격10,혼잡도7,주차4,친절해요,대화하기 좋아요,집중하기 좋아요,매장이 청결해요,좌석이 편해요,
가나슈블랫,340164946,케이크5,치즈3,커피3,마들렌2,맛17,서비스7,만족도4,가격1,음식량1,디저트가 맛있어요,친절해요,특별한 메뉴가 있어요,커피가 맛있어요,음료가 맛있어요,초코케이크2
리드미,1743930784,크로플26,커피23,마카롱5,밀크티4,맛96,만족도74,서비스38,분위기36,메뉴4,인테리어가 멋져요,친절해요,음료가 맛있어요,디저트가 맛있어요,매장이 청결해요,아이스티4
햄니케이크,1569780844,케이크10,쿠키5,치즈케이크2,얼그레이1,만족도10,맛7,서비스3,목적2,분위기1,디저트가 맛있어요,선물하기 좋아요,친절해요,인테리어가 멋져요,주문제작을 잘해줘요,바스크치즈케이크1
시나모메,1965277728,,,,,서비스1,맛1,분위기1,,,,,,,,
로일즈,1224496928,라떼15,커피14,옥수수10,쿠키6,맛50,만족도36,분위기13,서비스9,메뉴4,커피가 맛있어요,디저트가 맛있어요,친절해요,매장이 청결해요,인테리어가 멋져요,아이스크림5
하유,1188660894,커피23,휘낭시에9,라떼6,아메리카노4,맛39,만족도36,서비스14,분위기8,전망3,인테리어가 멋져요,커피가 맛있어요,친절해요,디저트가 맛있어요,음료가 맛있어요,아이스크림3
리틀프레스커피,37114222,커피14,에스프레소1,라떼1,연유라떼1,맛13,만족도7,분위기3,서비스2,청결도1,커피가 맛있어요,친절해요,음료가 맛있어요,인테리어가 멋져요,매장이 청결해요,드립백1
EEEK,1739327672,와인70,파스타57,커피46,토스트27,맛292,만족도281,분위기93,서비스87,음식량17,음식이 맛있어요,인테리어가 멋져요,친절해요,매장이 청결해요,재료가 신선해요,프렌치토스트21
공간아를,1853817558,커피33,와플9,치즈3,에스프레소2,서비스20,만족도16,맛13,분위기2,메뉴2,커피가 맛있어요,친절해요,디저트가 맛있어요,인테리어가 멋져요,음료가 맛있어요,크림치즈2
스타티스,1168875518,푸딩4,요거트4,커피2,쿠키2,푸딩4,요거트4,커피2,쿠키2,그릭요거트2,음료가 맛있어요,친절해요,특별한 메뉴가 있어요,디저트가 맛있어요,커피가 맛있어요,그릭요거트2
롭다,1995205223,커피41,케이크19,라떼13,에이드7,만족도122,맛117,분위기70,서비스31,가격6,커피가 맛있어요,인테리어가 멋져요,음료가 맛있어요,친절해요,매장이 청결해요,팬케이크6
타래커피,1430305980,커피29,아메리카노8,케이크6,라떼5,맛42,만족도38,서비스12,가격9,청결도1,가성비가 좋아요,커피가 맛있어요,친절해요,매장이 청결해요,음료가 맛있어요,카라멜라떼2
크리멜트,1846091218.0,,,,,,,,,,,,,,,
앤스커피,1918881926,커피26,케이크6,치즈5,레몬파운드5,만족도61,맛55,분위기17,서비스10,메뉴4,커피가 맛있어요,디저트가 맛있어요,음료가 맛있어요,인테리어가 멋져요,대화하기 좋아요,치즈케이크4
로앤쿡드 연남,1133500880,커피55,케이크25,팬케이크23,샌드위치22,맛287,만족도198,분위기78,서비스50,메뉴29,음식이 맛있어요,친절해요,매장이 청결해요,인테리어가 멋져요,재료가 신선해요,샐러드14
요거로밀,1714025191,요거트43,과일19,그릭요거트13,커피12,맛55,만족도37,서비스18,메뉴10,분위기7,친절해요,디저트가 맛있어요,매장이 청결해요,커피가 맛있어요,음료가 맛있어요,라떼4
라보아르,1675191335,휘낭시에49,밀푀유45,커피32,타르트25,맛181,만족도111,서비스39,분위기34,목적12,디저트가 맛있어요,친절해요,매장이 청결해요,특별한 메뉴가 있어요,커피가 맛있어요,몽블랑15
터틀힙,38282260,케이크560,레터링케이크82,커피57,치즈29,만족도639,맛380,서비스147,분위기138,목적93,디저트가 맛있어요,인테리어가 멋져요,친절해요,특별한 메뉴가 있어요,사진이 잘 나와요,라떼24
조앤도슨,1143889950,토스트134,프렌치토스트93,밀크티61,치즈14,맛189,만족도111,메뉴63,서비스47,분위기17,디저트가 맛있어요,특별한 메뉴가 있어요,친절해요,음료가 맛있어요,커피가 맛있어요,커피11
청수당공명,1910633529,커피176,수플레133,우유65,케이크37,만족도520,맛441,분위기285,가격34,서비스31,인테리어가 멋져요,디저트가 맛있어요,사진이 잘 나와요,음료가 맛있어요,커피가 맛있어요,카스테라32
펠른,1729088578,커피478,위스키78,더치커피24,마카롱10,만족도862,맛415,서비스356,분위기178,목적75,커피가 맛있어요,특별한 메뉴가 있어요,디저트가 맛있어요,친절해요,인테리어가 멋져요,드립커피9
바나나하루키,37468319,케이크113,커피20,레몬케이크15,얼그레이7,맛142,만족도83,서비스16,분위기15,메뉴6,디저트가 맛있어요,음료가 맛있어요,커피가 맛있어요,친절해요,특별한 메뉴가 있어요,라떼5
유키모찌 연남점,1293334743,모찌150,아이스크림113,우유72,젤라또57,맛334,만족도189,서비스36,가격19,대기시간17,디저트가 맛있어요,특별한 메뉴가 있어요,매장이 청결해요,친절해요,음식이 빨리 나와요,녹차38
오버딥,1346475243,마들렌68,커피58,라떼28,크림라떼15,만족도189,맛163,분위기82,서비스23,메뉴8,인테리어가 멋져요,디저트가 맛있어요,사진이 잘 나와요,커피가 맛있어요,컨셉이 독특해요,에이드11
오츠커피 연남,35306735,아인슈페너247,커피154,스콘42,라떼23,맛379,만족도185,서비스35,분위기34,음식량11,커피가 맛있어요,친절해요,음료가 맛있어요,특별한 메뉴가 있어요,인테리어가 멋져요,아메리카노13
브라운하우스 연남,1020389622,커피97,케이크44,치즈39,치즈케이크35,만족도164,맛148,분위기90,서비스30,목적5,인테리어가 멋져요,커피가 맛있어요,디저트가 맛있어요,친절해요,대화하기 좋아요,아메리카노6
모리노코,1914086649,커피10,과일6,케이크3,아이스티2,만족도47,맛36,서비스15,분위기13,위치1,인테리어가 멋져요,친절해요,디저트가 맛있어요,사진이 잘 나와요,음료가 맛있어요,아메리카노2
파이인더샵,1166022931,커피119,케이크58,라떼51,치즈47,맛593,만족도480,분위기137,서비스63,메뉴60,디저트가 맛있어요,인테리어가 멋져요,특별한 메뉴가 있어요,커피가 맛있어요,사진이 잘 나와요,치즈케이크25
팽페르뒤,1300378937,토스트172,프렌치토스트112,커피84,라떼19,맛237,만족도150,서비스120,분위기41,메뉴4,디저트가 맛있어요,커피가 맛있어요,친절해요,특별한 메뉴가 있어요,인테리어가 멋져요,아이스크림17
커피리브레 연남점,21856573,커피240,라떼54,핸드드립9,에스프레소7,맛240,만족도170,서비스32,분위기16,가격15,커피가 맛있어요,친절해요,음료가 맛있어요,인테리어가 멋져요,가성비가 좋아요,드립커피6
브론시스,38448458,타르트477,커피239,치즈131,크림치즈115,맛515,만족도338,분위기129,서비스52,메뉴47,디저트가 맛있어요,커피가 맛있어요,음료가 맛있어요,인테리어가 멋져요,대화하기 좋아요,과일103
Are&am,1035902301,커피27,케이크23,티라미수23,초콜릿21,맛134,만족도115,분위기32,서비스26,목적4,디저트가 맛있어요,특별한 메뉴가 있어요,커피가 맛있어요,음료가 맛있어요,친절해요,라떼14
표정,1215983970,케이크324,구겔호프190,커피105,초코케이크41,맛476,만족도460,목적202,서비스108,분위기43,디저트가 맛있어요,특별한 메뉴가 있어요,친절해요,매장이 청결해요,인테리어가 멋져요,얼그레이16
에브리데이해피벌스데이,1498252663,커피172,케이크64,토스트53,라떼52,만족도643,맛629,분위기254,서비스146,메뉴32,디저트가 맛있어요,친절해요,음료가 맛있어요,인테리어가 멋져요,커피가 맛있어요,브라우니41
스트로베리32 연남본점,1299745145,케이크312,딸기케이크95,과일26,우유21,맛602,만족도392,서비스88,목적62,예약52,빵이 맛있어요,친절해요,특별한 메뉴가 있어요,매장이 청결해요,디저트가 맛있어요,딸기우유8
코티지블루,1612839292,파스타22,토스트20,커피16,프렌치토스트14,맛67,만족도64,분위기31,서비스22,메뉴8,인테리어가 멋져요,커피가 맛있어요,사진이 잘 나와요,디저트가 맛있어요,친절해요,치즈8
작당모의,1179910659,커피70,티라미수50,라떼28,에이드25,맛336,만족도259,분위기139,서비스60,가격24,디저트가 맛있어요,음료가 맛있어요,커피가 맛있어요,인테리어가 멋져요,친절해요,타르트19
카페 레이어드 연남점,1500504643,스콘252,케이크140,커피84,얼그레이35,맛463,만족도341,분위기92,서비스45,메뉴36,디저트가 맛있어요,커피가 맛있어요,인테리어가 멋져요,특별한 메뉴가 있어요,사진이 잘 나와요,치즈22
로컬코드,1480017503,파스타21,라자냐20,커피11,라떼8,만족도83,맛78,분위기20,서비스17,음식량8,음식이 맛있어요,친절해요,인테리어가 멋져요,재료가 신선해요,매장이 청결해요,오일파스타8
하우에버 연남,1865456225,"카스테라1,210",커피370,라떼114,우유93,"만족도2,383","맛2,167",분위기899,서비스300,메뉴95,인테리어가 멋져요,디저트가 맛있어요,특별한 메뉴가 있어요,사진이 잘 나와요,커피가 맛있어요,아인슈페너60
마가렛 연남,1493242469,케이크117,커피107,스콘43,치즈23,맛405,만족도295,분위기76,서비스47,메뉴39,디저트가 맛있어요,커피가 맛있어요,인테리어가 멋져요,친절해요,음료가 맛있어요,타르트19
치플레,1383128698,치즈372,케이크319,치즈케이크250,수플레128,"맛2,343","만족도1,886",서비스716,목적677,분위기342,빵이 맛있어요,친절해요,특별한 메뉴가 있어요,매장이 청결해요,인테리어가 멋져요,밀크티69
동명양과자점,1668597377,쿠키23,치즈15,푸딩10,브레드9,맛64,만족도42,서비스8,목적5,메뉴3,빵이 맛있어요,디저트가 맛있어요,특별한 메뉴가 있어요,친절해요,종류가 다양해요,크림치즈8
얼스어스,1775224468,케이크139,커피61,요거트43,치즈31,맛277,만족도153,분위기44,서비스39,메뉴10,디저트가 맛있어요,커피가 맛있어요,친절해요,특별한 메뉴가 있어요,음료가 맛있어요,라떼23
서울페이스트리 연남점,37992103,도넛68,커피55,아메리카노15,우유13,맛376,만족도199,서비스42,분위기32,목적13,빵이 맛있어요,특별한 메뉴가 있어요,친절해요,커피가 맛있어요,인테리어가 멋져요,녹차12
피오니 연남점,33741818,케이크192,딸기케이크97,생크림케이크35,빙수34,맛352,만족도162,서비스24,목적18,청결도7,디저트가 맛있어요,친절해요,선물하기 좋아요,특별한 메뉴가 있어요,매장이 청결해요,딸기생크림케이크21
브레디포스트 연남점,1618240240,프레즐48,커피38,샌드위치7,밀크티5,맛94,만족도90,분위기43,서비스14,메뉴11,디저트가 맛있어요,커피가 맛있어요,음료가 맛있어요,인테리어가 멋져요,사진이 잘 나와요,치즈5
랜디스도넛 연남점,1543986977,"도넛1,554",커피117,초콜릿24,민트초코22,"맛2,680","만족도1,326",서비스241,대기시간160,메뉴77,디저트가 맛있어요,특별한 메뉴가 있어요,친절해요,매장이 청결해요,커피가 맛있어요,아메리카노21
코코로카라,1601437484,푸딩682,케이크182,마들렌116,치즈94,"맛1,076",만족도748,서비스155,메뉴77,분위기76,특별한 메뉴가 있어요,빵이 맛있어요,친절해요,인테리어가 멋져요,매장이 청결해요,바나나푸딩71
잼잼,1708553019,흑임자126,커피95,라떼56,아이스크림50,맛298,만족도222,분위기80,서비스67,메뉴21,음식이 맛있어요,인테리어가 멋져요,특별한 메뉴가 있어요,친절해요,매장이 청결해요,파스타43
일쩜오플로어,38015815,마카롱60,과일29,케이크28,뚱카롱20,맛143,만족도85,서비스22,가격11,목적9,빵이 맛있어요,특별한 메뉴가 있어요,친절해요,커피가 맛있어요,음료가 맛있어요,커피10
꽈페 연남본점,1794136920,꽈배기468,치즈45,티라미수41,커피39,맛864,만족도594,서비스202,목적98,메뉴82,특별한 메뉴가 있어요,빵이 맛있어요,디저트가 맛있어요,친절해요,매장이 청결해요,도넛34
카페드댕,1653541790,커피91,휘낭시에29,치즈12,애플시나몬11,맛191,만족도155,분위기84,서비스31,메뉴27,커피가 맛있어요,디저트가 맛있어요,인테리어가 멋져요,음료가 맛있어요,매장이 청결해요,라떼10
카페클로이인패리스,1071356852,케이크235,커피148,라떼77,크로플74,맛779,만족도694,분위기484,서비스108,메뉴52,디저트가 맛있어요,인테리어가 멋져요,음료가 맛있어요,커피가 맛있어요,사진이 잘 나와요,생크림케이크58
티크닉,1750433763,스콘198,밀크티50,아이스티14,쿠키12,맛261,만족도175,서비스66,메뉴55,분위기38,디저트가 맛있어요,친절해요,음료가 맛있어요,특별한 메뉴가 있어요,인테리어가 멋져요,커피10
